fabric,fiber,weave,warmth,breathability,sustainability,garment_types,gsm,moisture_wicking,uv_protection,durability,comfort
Heavyweight Hemp,hemp,canvas,0.13,0.75,0.43,"skirt,coat,jacket,shirt,sweater",217,0.17,0.21,0.61,0.75
Lightweight Cotton,cotton,twill,0.65,0.86,0.39,"underwear,coat,hoodie",395,0.28,0.48,0.42,0.8
Premium Lyocell,lyocell,plain,0.36,0.69,0.72,"pants,underwear,jacket",353,0.43,0.89,0.58,0.9
Stretch Rayon,rayon,twill,0.39,0.54,0.42,"blouse,jacket,hat,skirt,coat",124,0.26,0.47,0.83,0.64
Classic Nylon,nylon,ripstop,0.95,0.88,0.82,"underwear,blouse,tshirt,jacket,bag",85,0.22,0.74,0.62,0.65
Soft Bamboo,bamboo,knit,0.37,0.25,0.91,"skirt,coat,bag",178,0.88,0.73,0.85,0.78
Durable Nylon,nylon,plain,0.68,0.88,0.95,"skirt,jeans,sweater,underwear,leggings",183,0.45,0.64,0.42,0.35
Heavyweight Rayon,rayon,plain,0.94,0.63,0.93,"hoodie,underwear,jacket,jeans",347,0.45,0.24,0.71,0.69
Durable Nylon,nylon,ripstop,0.11,0.31,0.64,"blanket,scarf,activewear,underwear,skirt",111,0.17,0.31,0.92,0.41
Lightweight Wool,wool,plain,0.88,0.79,0.61,"shorts,tshirt,scarf",139,0.16,0.2,0.35,0.66
Heavyweight Bamboo,bamboo,knit,0.16,0.81,0.82,"sweater,activewear,hoodie",98,0.9,0.64,0.63,0.7
Lightweight Lyocell,lyocell,plain,0.67,0.54,0.63,"hat,hoodie,jeans,activewear,skirt",220,0.89,0.7,0.94,0.49
Durable Rayon,rayon,twill,0.72,0.76,0.71,"jacket,activewear,hoodie,skirt",384,0.18,0.78,0.6,0.66
Soft Polyester,polyester,plain,0.11,0.24,0.84,"hat,jeans,skirt",81,0.39,0.8,0.71,0.32
Stretch Cotton,cotton,plain,0.21,0.45,0.74,"suit,jacket,activewear,shorts",302,0.53,0.59,0.51,0.8
Durable Silk,silk,crepe,0.38,0.22,0.42,"leggings,underwear,bag,sweater",364,0.82,0.64,0.82,0.89
Stretch Silk,silk,satin,0.8,0.2,0.63,"activewear,bag,underwear,shirt",110,0.82,0.9,0.32,0.95
Heavyweight Bamboo,bamboo,knit,0.87,0.53,0.4,"jeans,blanket,tshirt",272,0.48,0.61,0.47,0.92
Lightweight Silk,silk,plain,0.59,0.32,0.92,"shorts,activewear,bag,leggings",328,0.91,0.21,0.42,0.54
Heavyweight Wool,wool,twill,0.61,0.42,0.49,"hoodie,activewear,leggings",104,0.3,0.37,0.94,0.49
Modern Hemp,hemp,twill,0.65,0.24,0.92,"hat,underwear,hoodie,sweater,shorts",249,0.26,0.51,0.71,0.91
Soft Rayon,rayon,twill,0.54,0.57,0.64,"activewear,shirt,hat",383,0.66,0.63,0.63,0.46
Classic Nylon,nylon,ripstop,0.94,0.37,0.71,"blouse,skirt,tshirt,shorts",213,0.88,0.94,0.34,0.39
Stretch Wool,wool,pile,0.65,0.69,0.81,"shirt,sweater,shorts,blouse,coat",174,0.24,0.25,0.82,0.78
Classic Polyester,polyester,knit,0.27,0.31,0.62,"leggings,skirt,scarf,bag,tshirt",170,0.81,0.65,0.41,0.37
Premium Lyocell,lyocell,plain,0.32,0.88,0.54,"sweater,skirt,blanket,jeans",80,0.64,0.63,0.89,0.42
Soft Wool,wool,twill,0.81,0.4,0.51,"sweater,leggings,activewear",163,0.37,0.81,0.93,0.6
Modern Rayon,rayon,crepe,0.5,0.51,0.87,"sweater,jeans,hat",342,0.3,0.72,0.36,0.51
Modern Polyester,polyester,knit,0.6,0.31,0.53,"jacket,activewear,suit",155,0.15,0.95,0.59,0.78
Modern Silk,silk,plain,0.66,0.57,0.91,"bag,activewear",161,0.67,0.62,0.54,0.46
Lightweight Cotton,cotton,twill,0.1,0.89,0.86,"shirt,coat,jacket,pants,hoodie",96,0.25,0.16,0.35,0.94
Modern Silk,silk,plain,0.31,0.32,0.79,"skirt,shirt",390,0.65,0.28,0.61,0.94
Durable Linen,flax,plain,0.79,0.92,0.59,"shorts,jeans,blouse",365,0.69,0.82,0.39,0.55
Modern Cotton,cotton,jersey,0.18,0.7,0.69,"dress,blouse,suit,shirt,activewear",242,0.46,0.57,0.86,0.64
Premium Linen,flax,twill,0.83,0.54,0.79,"dress,pants,jeans,coat,leggings",156,0.9,0.86,0.78,0.8
Premium Hemp,hemp,plain,0.4,0.9,0.71,"blanket,hat,hoodie",268,0.64,0.93,0.44,0.57
Premium Polyester,polyester,mesh,0.75,0.24,0.69,"blanket,tshirt",317,0.7,0.66,0.84,0.33
Heavyweight Nylon,nylon,plain,0.87,0.21,0.61,"suit,shorts,skirt,leggings",367,0.57,0.88,0.65,0.67
Durable Rayon,rayon,crepe,0.73,0.85,0.93,"jacket,blanket,shorts,leggings,underwear",130,0.94,0.26,0.57,0.43
Modern Nylon,nylon,mesh,0.74,0.87,0.62,"jeans,jacket,shorts,dress",201,0.38,0.68,0.35,0.69
Classic Cotton,cotton,sateen,0.54,0.65,0.76,"pants,blanket,skirt,hoodie",382,0.8,0.19,0.63,0.86
Stretch Lyocell,lyocell,twill,0.88,0.62,0.46,"leggings,sweater",256,0.72,0.31,0.82,0.68
Premium Nylon,nylon,ripstop,0.18,0.55,0.83,"tshirt,hat,sweater,shorts",321,0.18,0.61,0.75,0.74
Modern Rayon,rayon,plain,0.35,0.23,0.31,"hat,pants,bag,hoodie",135,0.41,0.33,0.6,0.31
Lightweight Bamboo,bamboo,plain,0.12,0.58,0.39,"jeans,dress,hat,scarf",116,0.13,0.73,0.54,0.54
Durable Nylon,nylon,plain,0.38,0.87,0.44,"suit,shorts",352,0.56,0.13,0.53,0.68
Modern Linen,flax,plain,0.57,0.75,0.62,"sweater,underwear,leggings",254,0.24,0.36,0.67,0.59
Durable Hemp,hemp,plain,0.9,0.84,0.55,"shirt,dress,tshirt,hat",197,0.19,0.82,0.57,0.62
Classic Nylon,nylon,mesh,0.85,0.87,0.41,"sweater,hat,activewear,suit,tshirt",294,0.64,0.48,0.44,0.93
Stretch Cotton,cotton,jersey,0.46,0.33,0.37,"hoodie,jacket,underwear,scarf,jeans",342,0.62,0.29,0.66,0.7
Durable Bamboo,bamboo,jersey,0.89,0.3,0.74,"shirt,hat,blanket,jacket",251,0.85,0.71,0.64,0.91
Classic Silk,silk,plain,0.92,0.21,0.9,"sweater,jacket,dress,suit,skirt",314,0.93,0.23,0.81,0.57
Modern Wool,wool,twill,0.4,0.67,0.92,"coat,activewear,leggings,tshirt,shorts",358,0.71,0.22,0.49,0.64
Classic Lyocell,lyocell,jersey,0.8,0.51,0.63,"sweater,shorts,leggings",370,0.82,0.9,0.79,0.64
Soft Wool,wool,knit,0.86,0.74,0.7,"blanket,bag,skirt",152,0.64,0.87,0.61,0.85
Durable Polyester,polyester,mesh,0.38,0.32,0.55,"bag,hoodie,jacket,dress",167,0.7,0.41,0.42,0.85
Heavyweight Silk,silk,satin,0.34,0.31,0.79,"shorts,hoodie,blouse,shirt",316,0.59,0.2,0.74,0.68
Heavyweight Lyocell,lyocell,jersey,0.86,0.6,0.62,"dress,skirt",295,0.22,0.26,0.35,0.57
Durable Hemp,hemp,twill,0.29,0.57,0.45,"tshirt,dress,suit",184,0.56,0.62,0.52,0.69
Lightweight Cotton,cotton,twill,0.5,0.39,0.68,"shorts,sweater,skirt,pants,suit",384,0.55,0.7,0.68,0.37
Premium Nylon,nylon,mesh,0.13,0.73,0.59,"jeans,leggings",362,0.15,0.27,0.69,0.33
Heavyweight Silk,silk,crepe,0.34,0.54,0.73,"dress,underwear,scarf,pants,bag",87,0.65,0.11,0.62,0.64
Durable Hemp,hemp,canvas,0.27,0.35,0.47,"blouse,suit,tshirt",258,0.24,0.16,0.6,0.58
Modern Nylon,nylon,plain,0.53,0.72,0.91,"coat,dress,hat",393,0.6,0.19,0.67,0.71
Premium Silk,silk,plain,0.41,0.77,0.58,"bag,tshirt",262,0.29,0.94,0.92,0.41
Lightweight Polyester,polyester,mesh,0.79,0.75,0.72,"leggings,hoodie,suit,dress,shirt",159,0.42,0.78,0.53,0.82
Classic Nylon,nylon,ripstop,0.33,0.74,0.89,"hoodie,suit,bag",395,0.75,0.45,0.79,0.77
Premium Silk,silk,plain,0.18,0.22,0.61,"sweater,hoodie,hat,shirt",280,0.72,0.36,0.5,0.68
Modern Wool,wool,pile,0.3,0.73,0.61,"activewear,jacket,blouse,bag",395,0.82,0.38,0.41,0.87
Lightweight Rayon,rayon,plain,0.43,0.21,0.82,"tshirt,jacket,leggings,blouse,scarf",104,0.79,0.49,0.5,0.43
Soft Wool,wool,knit,0.66,0.48,0.72,"jacket,blouse,scarf,tshirt",183,0.77,0.52,0.81,0.33
Durable Linen,flax,plain,0.18,0.65,0.35,"jeans,coat,sweater,hat",155,0.17,0.7,0.31,0.8
Modern Bamboo,bamboo,knit,0.8,0.49,0.34,"bag,jeans",220,0.46,0.76,0.32,0.3
Durable Nylon,nylon,ripstop,0.68,0.71,0.4,"shirt,sweater,hoodie,coat,shorts",194,0.37,0.83,0.45,0.42
Durable Silk,silk,crepe,0.22,0.71,0.39,"suit,blouse",161,0.9,0.5,0.76,0.35
Lightweight Linen,flax,twill,0.36,0.77,0.69,"blouse,skirt,pants,blanket",304,0.14,0.75,0.8,0.7
Classic Cotton,cotton,sateen,0.3,0.81,0.51,"hat,skirt,shirt",350,0.64,0.45,0.42,0.87
Premium Wool,wool,pile,0.29,0.45,0.43,"hat,leggings",175,0.74,0.35,0.44,0.74
Soft Hemp,hemp,plain,0.51,0.78,0.75,"sweater,bag,activewear,pants,blouse",387,0.69,0.64,0.88,0.86
Classic Silk,silk,plain,0.64,0.53,0.94,"shorts,activewear,leggings,hoodie,coat",312,0.38,0.19,0.8,0.4
Durable Hemp,hemp,plain,0.41,0.33,0.68,"sweater,tshirt",277,0.89,0.15,0.56,0.45
Durable Lyocell,lyocell,plain,0.76,0.78,0.55,"blouse,skirt,pants,sweater",170,0.24,0.9,0.92,0.76
Modern Hemp,hemp,plain,0.29,0.59,0.67,"hoodie,activewear",132,0.14,0.76,0.36,0.5
Lightweight Silk,silk,crepe,0.73,0.33,0.74,"bag,skirt,pants,shirt,blanket",341,0.3,0.5,0.88,0.86
Stretch Silk,silk,plain,0.84,0.83,0.79,"tshirt,pants,suit",325,0.8,0.74,0.59,0.82
Classic Polyester,polyester,knit,0.73,0.56,0.59,"hoodie,dress",168,0.83,0.34,0.36,0.4
Durable Linen,flax,basket,0.57,0.3,0.46,"underwear,suit,hoodie,tshirt",149,0.75,0.71,0.38,0.68
Durable Cotton,cotton,sateen,0.15,0.85,0.73,"shirt,shorts,suit,sweater",106,0.4,0.19,0.48,0.45
Premium Silk,silk,crepe,0.87,0.38,0.54,"tshirt,jeans,dress",217,0.59,0.6,0.63,0.37
Modern Cotton,cotton,twill,0.82,0.57,0.52,"underwear,dress,sweater",174,0.22,0.62,0.52,0.43
Premium Linen,flax,plain,0.27,0.76,0.64,"tshirt,jeans,hoodie",330,0.3,0.4,0.95,0.5
Lightweight Nylon,nylon,plain,0.86,0.44,0.92,"blouse,skirt,underwear,pants",289,0.21,0.71,0.63,0.46
Premium Nylon,nylon,ripstop,0.7,0.57,0.84,"skirt,suit,hat,shirt",363,0.41,0.82,0.48,0.5
Classic Cotton,cotton,sateen,0.93,0.84,0.78,"shorts,dress",112,0.79,0.8,0.85,0.72
Premium Rayon,rayon,crepe,0.93,0.64,0.69,"bag,tshirt",212,0.29,0.74,0.51,0.69
Durable Bamboo,bamboo,knit,0.88,0.58,0.45,"underwear,blouse",194,0.49,0.37,0.57,0.35
Soft Cotton,cotton,jersey,0.21,0.75,0.6,"coat,skirt,scarf,activewear",175,0.76,0.22,0.33,0.43
Stretch Hemp,hemp,plain,0.38,0.45,0.37,"activewear,shirt,coat",190,0.63,0.48,0.35,0.78
Stretch Bamboo,bamboo,knit,0.32,0.29,0.64,"shirt,dress,shorts,hoodie,blouse",174,0.2,0.41,0.65,0.32
Lightweight Cotton,cotton,sateen,0.26,0.71,0.58,"dress,coat,shorts,activewear",161,0.47,0.36,0.92,0.75
Soft Nylon,nylon,ripstop,0.67,0.52,0.73,"tshirt,sweater,underwear",237,0.75,0.88,0.68,0.9
Lightweight Wool,wool,pile,0.49,0.45,0.43,"hoodie,tshirt,blouse,sweater",317,0.12,0.52,0.49,0.77
Durable Rayon,rayon,crepe,0.89,0.66,0.75,"shorts,shirt,suit,leggings,coat",361,0.45,0.41,0.51,0.82
Stretch Linen,flax,basket,0.56,0.45,0.45,"jeans,activewear,hat,skirt,shirt",246,0.76,0.29,0.58,0.39
Soft Polyester,polyester,mesh,0.4,0.29,0.94,"leggings,jacket,pants,activewear",258,0.89,0.9,0.75,0.9
Premium Nylon,nylon,mesh,0.76,0.74,0.76,"leggings,tshirt,coat,scarf,hoodie",340,0.43,0.95,0.46,0.74
Stretch Bamboo,bamboo,knit,0.53,0.76,0.77,"skirt,sweater,coat,shorts,hat",181,0.6,0.89,0.6,0.75
Modern Nylon,nylon,plain,0.74,0.34,0.44,"jacket,shirt",192,0.76,0.92,0.54,0.67
Classic Nylon,nylon,ripstop,0.61,0.86,0.79,"tshirt,shorts",197,0.93,0.46,0.55,0.54
Classic Hemp,hemp,canvas,0.77,0.39,0.48,"bag,leggings,sweater",229,0.28,0.7,0.75,0.68
Modern Linen,flax,basket,0.74,0.57,0.67,"skirt,hoodie,pants,activewear",115,0.23,0.17,0.91,0.78
Heavyweight Bamboo,bamboo,jersey,0.86,0.71,0.62,"blanket,pants,shirt",298,0.4,0.85,0.69,0.8
Soft Cotton,cotton,sateen,0.83,0.24,0.75,"jeans,scarf,shirt,underwear,shorts",377,0.62,0.42,0.36,0.61
Modern Polyester,polyester,fleece,0.7,0.87,0.49,"jacket,blouse,sweater,underwear,activewear",199,0.37,0.25,0.75,0.62
Classic Nylon,nylon,ripstop,0.92,0.71,0.92,"scarf,underwear",82,0.29,0.6,0.31,0.55
Lightweight Silk,silk,plain,0.25,0.54,0.63,"suit,blouse,jeans,underwear,scarf",321,0.65,0.3,0.7,0.72
Lightweight Polyester,polyester,knit,0.23,0.65,0.92,"coat,scarf,shorts,hoodie,bag",245,0.32,0.27,0.85,0.87
Premium Linen,flax,twill,0.85,0.82,0.46,"hoodie,skirt,underwear,jacket,blouse",269,0.25,0.89,0.74,0.51
Soft Rayon,rayon,plain,0.72,0.38,0.91,"shirt,pants,activewear,hat",190,0.4,0.21,0.8,0.8
Lightweight Hemp,hemp,plain,0.62,0.84,0.88,"shorts,bag,suit,leggings,underwear",160,0.4,0.51,0.34,0.54
Durable Linen,flax,basket,0.9,0.26,0.66,"bag,activewear,blouse,skirt",285,0.94,0.42,0.49,0.31
Premium Bamboo,bamboo,knit,0.47,0.47,0.7,"dress,shorts,tshirt,leggings,pants",380,0.6,0.54,0.64,0.76
Premium Lyocell,lyocell,plain,0.49,0.49,0.4,"hoodie,tshirt",395,0.55,0.29,0.57,0.94
Stretch Bamboo,bamboo,plain,0.62,0.5,0.64,"jacket,hoodie,shorts",196,0.77,0.28,0.9,0.42
Lightweight Nylon,nylon,plain,0.7,0.58,0.46,"hoodie,skirt,blouse",169,0.32,0.83,0.39,0.94
Lightweight Silk,silk,satin,0.4,0.79,0.9,"tshirt,hat",113,0.36,0.6,0.76,0.62
Classic Lyocell,lyocell,twill,0.12,0.49,0.74,"pants,blouse",314,0.72,0.4,0.77,0.51
Premium Nylon,nylon,plain,0.42,0.4,0.3,"coat,bag,suit",169,0.27,0.47,0.43,0.57
Modern Linen,flax,plain,0.87,0.53,0.91,"dress,coat,suit",86,0.33,0.12,0.66,0.71
Stretch Wool,wool,twill,0.24,0.55,0.73,"hoodie,dress",133,0.46,0.44,0.51,0.65
Heavyweight Linen,flax,basket,0.77,0.22,0.72,"leggings,skirt,shirt,underwear,activewear",115,0.83,0.12,0.65,0.41
Lightweight Hemp,hemp,twill,0.61,0.24,0.78,"coat,tshirt,blouse,pants,skirt",86,0.92,0.71,0.65,0.69
Stretch Rayon,rayon,crepe,0.66,0.7,0.57,"coat,leggings,hoodie,hat",114,0.58,0.13,0.4,0.65
Stretch Hemp,hemp,canvas,0.25,0.35,0.4,"coat,jacket,jeans,skirt",145,0.64,0.61,0.46,0.39
Lightweight Rayon,rayon,twill,0.53,0.27,0.61,"blanket,jeans,pants",198,0.91,0.13,0.75,0.62
Stretch Hemp,hemp,twill,0.64,0.84,0.43,"hat,blouse,jeans,hoodie",162,0.17,0.45,0.81,0.91
Durable Cotton,cotton,sateen,0.24,0.7,0.67,"scarf,jacket,pants",196,0.69,0.35,0.56,0.47
Soft Hemp,hemp,plain,0.18,0.64,0.61,"dress,blanket,tshirt",308,0.76,0.11,0.38,0.81
Classic Wool,wool,twill,0.17,0.49,0.69,"dress,sweater,jacket,underwear,coat",123,0.91,0.15,0.39,0.83
Classic Linen,flax,twill,0.92,0.92,0.34,"underwear,suit",186,0.87,0.83,0.67,0.55
Durable Rayon,rayon,plain,0.77,0.5,0.3,"shirt,leggings,activewear,sweater",238,0.18,0.44,0.54,0.88
Classic Lyocell,lyocell,plain,0.85,0.39,0.78,"blouse,shorts,hoodie",328,0.93,0.18,0.88,0.39
Stretch Silk,silk,plain,0.59,0.94,0.31,"coat,skirt,hoodie,activewear,pants",358,0.83,0.43,0.67,0.34
Heavyweight Rayon,rayon,plain,0.6,0.24,0.38,"blouse,skirt,dress",321,0.19,0.65,0.82,0.57
Classic Cotton,cotton,sateen,0.88,0.61,0.87,"blouse,pants,skirt,blanket,jeans",321,0.6,0.55,0.44,0.46
Stretch Rayon,rayon,twill,0.9,0.84,0.51,"shirt,hat",315,0.45,0.33,0.43,0.7
Soft Linen,flax,plain,0.88,0.44,0.79,"blouse,leggings,skirt,jacket,activewear",217,0.87,0.27,0.43,0.63
Premium Cotton,cotton,sateen,0.54,0.5,0.87,"coat,pants,blanket,jacket",160,0.16,0.68,0.62,0.39
Lightweight Lyocell,lyocell,twill,0.24,0.24,0.52,"tshirt,coat,dress",212,0.19,0.86,0.5,0.87
Lightweight Hemp,hemp,plain,0.82,0.61,0.57,"underwear,scarf,jacket",351,0.52,0.45,0.7,0.55
Classic Lyocell,lyocell,jersey,0.28,0.88,0.72,"coat,pants,tshirt",323,0.5,0.77,0.34,0.92
Heavyweight Nylon,nylon,mesh,0.82,0.85,0.88,"hat,blanket,jeans,leggings,activewear",277,0.89,0.66,0.56,0.37
Lightweight Polyester,polyester,mesh,0.82,0.55,0.57,"bag,shirt,skirt",115,0.25,0.19,0.35,0.33
Lightweight Nylon,nylon,mesh,0.17,0.23,0.92,"dress,blouse",227,0.39,0.8,0.62,0.7
Classic Linen,flax,twill,0.57,0.75,0.81,"sweater,underwear,hoodie",275,0.85,0.94,0.39,0.62
Premium Silk,silk,plain,0.32,0.43,0.63,"shirt,dress,skirt,scarf",264,0.3,0.62,0.69,0.77
Durable Lyocell,lyocell,jersey,0.57,0.37,0.89,"coat,jacket,shorts,hoodie,scarf",333,0.17,0.28,0.56,0.32
Lightweight Lyocell,lyocell,jersey,0.79,0.63,0.51,"coat,tshirt",233,0.19,0.93,0.95,0.94
Modern Bamboo,bamboo,knit,0.61,0.9,0.63,"sweater,coat,blanket,skirt,hoodie",82,0.15,0.77,0.82,0.62
Premium Nylon,nylon,ripstop,0.57,0.32,0.59,"scarf,shorts,coat,jeans,activewear",90,0.68,0.84,0.78,0.32
Stretch Hemp,hemp,canvas,0.71,0.56,0.48,"scarf,pants,jacket,shirt",397,0.44,0.76,0.38,0.38
Soft Hemp,hemp,canvas,0.3,0.48,0.93,"jacket,coat,activewear,scarf",341,0.1,0.48,0.79,0.5
Lightweight Nylon,nylon,plain,0.52,0.24,0.93,"blanket,sweater,blouse",249,0.17,0.58,0.45,0.57
Durable Bamboo,bamboo,plain,0.56,0.49,0.39,"scarf,hoodie,jacket,coat",161,0.26,0.94,0.9,0.33
Soft Bamboo,bamboo,knit,0.75,0.35,0.74,"coat,shirt,sweater",250,0.71,0.24,0.83,0.66
Classic Cotton,cotton,plain,0.41,0.79,0.35,"activewear,coat,skirt",333,0.78,0.15,0.48,0.94
Premium Linen,flax,twill,0.17,0.36,0.54,"leggings,blanket,jeans,bag",236,0.18,0.74,0.43,0.36
Premium Hemp,hemp,canvas,0.57,0.82,0.57,"tshirt,suit,activewear",157,0.39,0.58,0.86,0.94
Classic Linen,flax,basket,0.29,0.25,0.89,"suit,tshirt,skirt,underwear",376,0.38,0.15,0.88,0.67
Soft Bamboo,bamboo,plain,0.39,0.93,0.89,"leggings,coat",301,0.65,0.82,0.46,0.95
Lightweight Wool,wool,plain,0.12,0.94,0.72,"underwear,hat",233,0.19,0.92,0.71,0.88
Classic Silk,silk,satin,0.21,0.65,0.67,"underwear,sweater,blanket,suit",300,0.19,0.66,0.52,0.81
Premium Bamboo,bamboo,plain,0.89,0.6,0.79,"blouse,shorts,hoodie",346,0.87,0.9,0.51,0.3
Stretch Silk,silk,plain,0.63,0.93,0.33,"shorts,coat",308,0.77,0.82,0.92,0.76
Lightweight Polyester,polyester,plain,0.21,0.31,0.83,"jacket,sweater",196,0.33,0.52,0.84,0.46
Heavyweight Silk,silk,crepe,0.78,0.39,0.52,"jeans,sweater,blouse,hoodie",378,0.38,0.67,0.9,0.48
Stretch Cotton,cotton,plain,0.65,0.32,0.43,"sweater,jeans",102,0.53,0.82,0.74,0.66
Lightweight Cotton,cotton,jersey,0.89,0.27,0.63,"shirt,hoodie,blouse,scarf,hat",259,0.85,0.18,0.3,0.34
Modern Silk,silk,plain,0.92,0.73,0.6,"skirt,jeans,suit,tshirt",379,0.59,0.61,0.63,0.45
Durable Hemp,hemp,plain,0.43,0.39,0.95,"jacket,tshirt,sweater,leggings,dress",177,0.49,0.49,0.31,0.32
Lightweight Hemp,hemp,canvas,0.72,0.23,0.88,"activewear,jacket,dress,shirt",188,0.9,0.38,0.41,0.65
Premium Hemp,hemp,twill,0.5,0.68,0.37,"pants,dress,jeans,leggings,suit",377,0.48,0.68,0.69,0.77
Premium Wool,wool,twill,0.82,0.27,0.31,"blouse,sweater,underwear",291,0.47,0.62,0.64,0.34
Stretch Linen,flax,twill,0.18,0.95,0.62,"coat,pants,underwear",342,0.7,0.36,0.9,0.51
Stretch Polyester,polyester,plain,0.74,0.82,0.32,"underwear,blanket",329,0.65,0.74,0.37,0.92
Durable Rayon,rayon,plain,0.26,0.65,0.92,"pants,jacket,activewear",151,0.9,0.8,0.65,0.77
Durable Wool,wool,knit,0.66,0.36,0.91,"hat,bag,tshirt,sweater",174,0.11,0.63,0.78,0.5
Modern Rayon,rayon,crepe,0.12,0.56,0.94,"leggings,activewear,hat",233,0.58,0.42,0.89,0.58
Soft Hemp,hemp,twill,0.64,0.8,0.84,"scarf,shorts,bag",91,0.3,0.17,0.81,0.31
Heavyweight Lyocell,lyocell,jersey,0.61,0.38,0.83,"suit,jeans,scarf,skirt",342,0.21,0.57,0.78,0.52
Stretch Rayon,rayon,twill,0.32,0.5,0.94,"jeans,suit,dress,coat",133,0.23,0.54,0.62,0.75
Lightweight Rayon,rayon,plain,0.44,0.81,0.84,"pants,bag,skirt,hat",281,0.25,0.73,0.6,0.43
Lightweight Silk,silk,satin,0.83,0.83,0.89,"suit,jacket,tshirt",366,0.8,0.62,0.75,0.68
Stretch Bamboo,bamboo,plain,0.12,0.47,0.55,"leggings,underwear",145,0.45,0.33,0.56,0.86
Durable Bamboo,bamboo,jersey,0.55,0.95,0.73,"blouse,hat,jeans,hoodie,coat",392,0.83,0.68,0.83,0.44
Classic Polyester,polyester,mesh,0.63,0.93,0.85,"coat,blanket,suit",266,0.5,0.22,0.8,0.34
Lightweight Hemp,hemp,twill,0.76,0.74,0.85,"coat,leggings,dress,jacket,underwear",152,0.28,0.93,0.86,0.88
Classic Nylon,nylon,ripstop,0.79,0.31,0.72,"hat,coat",84,0.22,0.89,0.44,0.86
Classic Linen,flax,basket,0.43,0.43,0.68,"sweater,suit",197,0.55,0.73,0.32,0.54
Classic Silk,silk,satin,0.39,0.78,0.88,"suit,coat,shirt",129,0.59,0.64,0.9,0.82
Lightweight Bamboo,bamboo,jersey,0.5,0.58,0.81,"blanket,hat,sweater",201,0.43,0.69,0.65,0.85
Stretch Silk,silk,crepe,0.77,0.6,0.72,"pants,bag",193,0.8,0.88,0.72,0.79
Heavyweight Linen,flax,plain,0.52,0.78,0.93,"shirt,jacket",194,0.18,0.31,0.38,0.82
Modern Silk,silk,satin,0.94,0.46,0.31,"pants,hoodie,skirt,shirt",378,0.41,0.57,0.57,0.45
Soft Bamboo,bamboo,knit,0.75,0.37,0.42,"bag,skirt,blouse,shorts",148,0.34,0.18,0.73,0.85
Durable Cotton,cotton,jersey,0.38,0.79,0.67,"hat,shirt,hoodie,shorts",109,0.21,0.8,0.67,0.53
Classic Polyester,polyester,knit,0.5,0.75,0.65,"underwear,leggings",280,0.49,0.3,0.37,0.74
Lightweight Lyocell,lyocell,plain,0.92,0.3,0.49,"jacket,hat,blouse,pants,blanket",300,0.63,0.85,0.32,0.6
Soft Nylon,nylon,mesh,0.17,0.41,0.77,"sweater,shirt",210,0.21,0.2,0.76,0.52
Durable Polyester,polyester,knit,0.1,0.83,0.76,"bag,suit,shirt,coat",248,0.38,0.84,0.44,0.93
Premium Rayon,rayon,plain,0.15,0.27,0.84,"leggings,dress",354,0.75,0.7,0.41,0.52
Durable Cotton,cotton,twill,0.34,0.27,0.33,"jacket,coat",361,0.48,0.87,0.51,0.33
Soft Nylon,nylon,plain,0.19,0.83,0.93,"jacket,sweater,dress,skirt",301,0.43,0.55,0.86,0.5
Stretch Wool,wool,twill,0.73,0.42,0.83,"underwear,dress,jacket,blouse",348,0.52,0.55,0.62,0.43
Classic Polyester,polyester,mesh,0.27,0.92,0.47,"shorts,blanket,tshirt,bag,shirt",282,0.9,0.74,0.41,0.94
Stretch Bamboo,bamboo,knit,0.13,0.65,0.37,"hoodie,skirt",213,0.63,0.85,0.77,0.59
Lightweight Hemp,hemp,plain,0.66,0.84,0.54,"underwear,jacket,shirt,bag",258,0.8,0.34,0.43,0.31
Classic Hemp,hemp,canvas,0.86,0.28,0.35,"jeans,shorts,bag,shirt,jacket",246,0.46,0.43,0.86,0.89
Heavyweight Wool,wool,plain,0.34,0.75,0.84,"shorts,blouse",174,0.72,0.57,0.78,0.62
Heavyweight Lyocell,lyocell,plain,0.68,0.76,0.86,"jacket,tshirt,bag,activewear,hat",91,0.22,0.28,0.56,0.66
Classic Wool,wool,twill,0.47,0.28,0.74,"blouse,shorts,skirt",134,0.36,0.67,0.56,0.77
Lightweight Cotton,cotton,jersey,0.87,0.39,0.49,"shorts,scarf,blouse,tshirt,pants",394,0.43,0.6,0.59,0.31
Classic Wool,wool,twill,0.12,0.51,0.66,"bag,underwear,shorts,jacket",304,0.47,0.23,0.74,0.85
Soft Cotton,cotton,twill,0.79,0.59,0.7,"jeans,coat,blouse,leggings",343,0.4,0.4,0.31,0.39
Soft Cotton,cotton,sateen,0.28,0.36,0.72,"hoodie,pants,dress,skirt",242,0.25,0.13,0.94,0.94
Durable Silk,silk,crepe,0.29,0.23,0.95,"jacket,underwear,hoodie,skirt",152,0.49,0.79,0.75,0.78
Premium Cotton,cotton,jersey,0.38,0.52,0.84,"hat,jacket,shorts,blouse,tshirt",397,0.13,0.24,0.75,0.63
Classic Lyocell,lyocell,plain,0.38,0.66,0.35,"hoodie,tshirt",329,0.43,0.44,0.71,0.83
Classic Wool,wool,twill,0.48,0.21,0.42,"hoodie,hat,blouse,dress,scarf",136,0.71,0.94,0.9,0.78
Stretch Lyocell,lyocell,twill,0.28,0.37,0.69,"shorts,hat,pants,suit,blanket",304,0.64,0.73,0.37,0.64
Premium Lyocell,lyocell,plain,0.34,0.85,0.36,"activewear,tshirt,jeans",125,0.49,0.69,0.69,0.59
Modern Wool,wool,pile,0.5,0.35,0.64,"hoodie,leggings,tshirt",182,0.59,0.54,0.35,0.68
Heavyweight Linen,flax,twill,0.25,0.44,0.38,"shirt,bag,blouse,activewear,sweater",136,0.45,0.43,0.83,0.94
Soft Nylon,nylon,ripstop,0.87,0.41,0.42,"bag,pants,dress,jeans,activewear",268,0.16,0.54,0.76,0.34
Heavyweight Linen,flax,twill,0.49,0.22,0.84,"activewear,hoodie",119,0.4,0.86,0.79,0.51
Premium Bamboo,bamboo,plain,0.35,0.48,0.75,"jacket,jeans,dress,suit",332,0.48,0.28,0.6,0.55
Soft Wool,wool,twill,0.79,0.57,0.5,"skirt,jacket,shorts",331,0.59,0.3,0.88,0.59
Soft Nylon,nylon,mesh,0.71,0.63,0.91,"sweater,bag",235,0.37,0.72,0.7,0.3
Modern Nylon,nylon,plain,0.81,0.92,0.31,"blanket,leggings,jacket,hat",250,0.37,0.63,0.42,0.61
Classic Hemp,hemp,twill,0.46,0.73,0.51,"tshirt,hat,hoodie,skirt",84,0.4,0.19,0.54,0.81
Premium Hemp,hemp,twill,0.39,0.93,0.63,"blouse,jacket,sweater,dress,coat",381,0.52,0.45,0.75,0.9
Stretch Polyester,polyester,mesh,0.94,0.32,0.3,"sweater,skirt,pants,hat",213,0.81,0.91,0.53,0.8
Soft Nylon,nylon,mesh,0.51,0.33,0.87,"shirt,underwear",313,0.56,0.23,0.94,0.58
Soft Lyocell,lyocell,twill,0.46,0.63,0.44,"dress,hat",360,0.37,0.91,0.38,0.66
Heavyweight Wool,wool,twill,0.64,0.68,0.33,"leggings,underwear",355,0.49,0.46,0.62,0.64
Modern Cotton,cotton,twill,0.29,0.9,0.74,"pants,hat,shirt,sweater",108,0.8,0.58,0.74,0.62
Durable Wool,wool,knit,0.43,0.27,0.74,"jacket,leggings,pants,hat,shirt",319,0.22,0.27,0.9,0.93
Durable Nylon,nylon,plain,0.72,0.53,0.87,"dress,pants,blouse,suit,tshirt",180,0.7,0.28,0.36,0.94
Premium Cotton,cotton,plain,0.64,0.44,0.52,"shirt,bag",357,0.42,0.3,0.59,0.46
Modern Linen,flax,twill,0.92,0.94,0.73,"coat,blanket,underwear",193,0.9,0.11,0.43,0.31
Premium Rayon,rayon,plain,0.19,0.47,0.67,"shirt,pants,underwear,leggings,scarf",335,0.24,0.86,0.46,0.88
Stretch Linen,flax,basket,0.44,0.34,0.65,"pants,underwear,shirt,skirt,blanket",149,0.14,0.87,0.9,0.48
Durable Wool,wool,knit,0.49,0.32,0.35,"activewear,hat,skirt,leggings,scarf",250,0.41,0.57,0.56,0.64
Durable Silk,silk,crepe,0.13,0.59,0.32,"skirt,tshirt,suit,sweater",298,0.32,0.92,0.49,0.78
Lightweight Polyester,polyester,knit,0.19,0.66,0.38,"pants,sweater,leggings",272,0.45,0.67,0.71,0.64
Durable Cotton,cotton,jersey,0.29,0.53,0.63,"pants,shirt,shorts",216,0.47,0.81,0.83,0.54
Premium Wool,wool,twill,0.89,0.32,0.68,"suit,sweater,tshirt",354,0.43,0.33,0.57,0.57
Classic Wool,wool,plain,0.6,0.88,0.64,"pants,sweater,jacket,hoodie,shorts",86,0.71,0.44,0.4,0.81
Lightweight Polyester,polyester,plain,0.17,0.65,0.48,"underwear,shorts,hat,bag",332,0.19,0.55,0.85,0.3
Premium Polyester,polyester,mesh,0.88,0.79,0.5,"hat,tshirt",102,0.22,0.71,0.75,0.46
Durable Hemp,hemp,twill,0.44,0.24,0.5,"suit,leggings,dress",163,0.91,0.24,0.88,0.62
Stretch Lyocell,lyocell,jersey,0.67,0.39,0.63,"scarf,underwear,sweater,coat,activewear",227,0.88,0.37,0.51,0.39
Classic Rayon,rayon,plain,0.24,0.3,0.75,"jacket,scarf",103,0.69,0.32,0.34,0.46
Stretch Cotton,cotton,plain,0.2,0.26,0.63,"shirt,pants,skirt,tshirt,underwear",259,0.12,0.78,0.31,0.94
Durable Lyocell,lyocell,jersey,0.93,0.45,0.3,"dress,hat,shirt,pants,coat",89,0.52,0.92,0.87,0.66
Stretch Hemp,hemp,canvas,0.2,0.89,0.41,"skirt,scarf",109,0.63,0.74,0.36,0.71
Lightweight Polyester,polyester,mesh,0.2,0.37,0.35,"scarf,suit,blouse,shirt",113,0.33,0.76,0.87,0.6
Premium Wool,wool,plain,0.62,0.7,0.92,"activewear,leggings",222,0.47,0.54,0.8,0.87
Durable Lyocell,lyocell,plain,0.7,0.46,0.69,"hoodie,hat,sweater,shorts,skirt",247,0.75,0.33,0.36,0.67
Durable Cotton,cotton,plain,0.47,0.37,0.34,"jacket,jeans,dress",135,0.28,0.45,0.31,0.5
Classic Silk,silk,plain,0.58,0.64,0.48,"scarf,jeans,leggings",293,0.33,0.37,0.71,0.71
Premium Hemp,hemp,canvas,0.27,0.47,0.41,"jacket,coat",110,0.32,0.15,0.93,0.31
Modern Wool,wool,pile,0.55,0.47,0.62,"activewear,bag,jeans,tshirt",213,0.73,0.54,0.95,0.51
Lightweight Nylon,nylon,ripstop,0.21,0.67,0.58,"sweater,skirt",297,0.79,0.12,0.46,0.72
Stretch Hemp,hemp,canvas,0.33,0.45,0.46,"underwear,hat,skirt,jacket,scarf",221,0.54,0.16,0.6,0.64
Classic Wool,wool,plain,0.37,0.65,0.8,"skirt,activewear,blanket,shirt,shorts",179,0.69,0.24,0.67,0.57
Modern Nylon,nylon,ripstop,0.84,0.65,0.87,"hoodie,bag,underwear,pants,shorts",392,0.75,0.25,0.8,0.33
Modern Polyester,polyester,mesh,0.17,0.2,0.36,"tshirt,blouse,hat,suit,sweater",279,0.76,0.2,0.64,0.41
Stretch Nylon,nylon,plain,0.49,0.4,0.49,"pants,shirt,blanket",131,0.11,0.24,0.4,0.55
Soft Cotton,cotton,sateen,0.78,0.88,0.36,"pants,scarf",354,0.16,0.36,0.32,0.48
Premium Silk,silk,crepe,0.8,0.24,0.57,"underwear,sweater",301,0.28,0.87,0.94,0.72
Stretch Wool,wool,twill,0.19,0.3,0.73,"suit,dress,leggings,shorts",290,0.57,0.57,0.67,0.51
Modern Bamboo,bamboo,plain,0.21,0.27,0.51,"hat,sweater,pants,dress",343,0.62,0.68,0.82,0.42
Durable Rayon,rayon,plain,0.82,0.65,0.56,"jacket,hoodie,shirt,scarf",222,0.18,0.3,0.34,0.83
Modern Wool,wool,twill,0.45,0.32,0.79,"underwear,dress",300,0.73,0.43,0.69,0.93
Heavyweight Hemp,hemp,twill,0.92,0.87,0.42,"activewear,leggings,tshirt,blanket,jacket",268,0.27,0.26,0.69,0.63
Lightweight Wool,wool,plain,0.23,0.75,0.44,"leggings,hat",368,0.42,0.84,0.58,0.7
Stretch Hemp,hemp,twill,0.28,0.47,0.67,"jacket,blouse,coat",105,0.69,0.56,0.53,0.9
Modern Nylon,nylon,ripstop,0.24,0.63,0.8,"hat,underwear,blouse,sweater,bag",171,0.23,0.95,0.54,0.68
Classic Silk,silk,satin,0.67,0.72,0.63,"jeans,hat,suit,sweater",90,0.66,0.68,0.47,0.62
Durable Bamboo,bamboo,knit,0.81,0.56,0.69,"hat,blanket,shirt",185,0.34,0.22,0.51,0.83
Modern Cotton,cotton,jersey,0.69,0.3,0.35,"leggings,jeans,underwear",361,0.49,0.16,0.89,0.46
Durable Lyocell,lyocell,plain,0.29,0.4,0.58,"shirt,shorts",116,0.76,0.61,0.79,0.32
Soft Rayon,rayon,crepe,0.51,0.77,0.41,"hat,scarf,bag",158,0.44,0.18,0.89,0.87
Premium Rayon,rayon,plain,0.41,0.73,0.42,"scarf,sweater",137,0.54,0.36,0.89,0.68
Stretch Rayon,rayon,crepe,0.71,0.6,0.52,"dress,hoodie,blouse,shirt",354,0.94,0.1,0.75,0.78
Stretch Lyocell,lyocell,jersey,0.82,0.37,0.84,"hat,bag,pants",106,0.85,0.43,0.5,0.4
Durable Bamboo,bamboo,jersey,0.26,0.64,0.32,"pants,leggings",217,0.24,0.94,0.59,0.37
Modern Linen,flax,plain,0.55,0.58,0.67,"activewear,dress",177,0.92,0.73,0.58,0.6
Modern Cotton,cotton,jersey,0.35,0.64,0.63,"bag,blouse,tshirt,jeans,activewear",141,0.89,0.24,0.82,0.79
Premium Cotton,cotton,plain,0.3,0.41,0.55,"leggings,hat,suit,activewear,jeans",311,0.15,0.78,0.73,0.41
Heavyweight Bamboo,bamboo,knit,0.56,0.6,0.37,"sweater,bag,pants",211,0.4,0.64,0.39,0.87
Modern Polyester,polyester,fleece,0.49,0.3,0.43,"jacket,activewear,hoodie,tshirt",380,0.22,0.66,0.32,0.46
Durable Linen,flax,plain,0.58,0.85,0.38,"coat,skirt,scarf,shorts",159,0.28,0.67,0.73,0.93
Modern Cotton,cotton,sateen,0.84,0.64,0.53,"coat,blanket,dress,shirt",167,0.63,0.57,0.35,0.7
Durable Cotton,cotton,twill,0.6,0.84,0.91,"pants,suit,hoodie,blanket",328,0.75,0.92,0.34,0.73
Heavyweight Hemp,hemp,twill,0.69,0.41,0.42,"leggings,jacket",366,0.31,0.63,0.71,0.65
Modern Lyocell,lyocell,twill,0.5,0.38,0.53,"jacket,underwear",175,0.21,0.61,0.37,0.91
Premium Wool,wool,twill,0.89,0.63,0.4,"hat,pants",300,0.5,0.64,0.38,0.8
Soft Nylon,nylon,plain,0.75,0.25,0.54,"dress,hat",237,0.22,0.25,0.86,0.35
Classic Polyester,polyester,knit,0.62,0.84,0.7,"tshirt,jeans,pants,scarf",245,0.77,0.18,0.31,0.71
Stretch Bamboo,bamboo,jersey,0.89,0.58,0.4,"coat,shirt,scarf,pants",251,0.66,0.3,0.35,0.88
Modern Bamboo,bamboo,knit,0.25,0.87,0.79,"sweater,bag,leggings",290,0.53,0.27,0.76,0.45
Modern Wool,wool,twill,0.7,0.93,0.56,"activewear,leggings",229,0.45,0.38,0.55,0.89
Soft Bamboo,bamboo,knit,0.11,0.8,0.65,"tshirt,leggings,skirt,blouse",213,0.49,0.52,0.39,0.37
Soft Lyocell,lyocell,twill,0.76,0.44,0.39,"activewear,tshirt,jacket,shirt",162,0.37,0.85,0.89,0.52
Stretch Cotton,cotton,sateen,0.24,0.34,0.81,"tshirt,shorts,leggings,activewear,sweater",114,0.54,0.55,0.68,0.32
Classic Polyester,polyester,knit,0.83,0.81,0.67,"sweater,dress",228,0.74,0.37,0.94,0.56
Modern Polyester,polyester,plain,0.83,0.7,0.55,"shorts,bag,coat,blouse",366,0.24,0.17,0.71,0.76
Soft Hemp,hemp,plain,0.66,0.65,0.8,"underwear,activewear,skirt,blouse,coat",338,0.7,0.21,0.5,0.34
Lightweight Nylon,nylon,mesh,0.58,0.27,0.35,"scarf,tshirt",174,0.49,0.28,0.35,0.51
Premium Nylon,nylon,ripstop,0.46,0.75,0.56,"shirt,hoodie",161,0.85,0.16,0.83,0.61
Lightweight Linen,flax,basket,0.34,0.66,0.9,"pants,skirt,blouse,sweater,jacket",224,0.59,0.69,0.88,0.91
Modern Lyocell,lyocell,twill,0.93,0.3,0.53,"activewear,coat,underwear",306,0.77,0.24,0.4,0.77
Modern Silk,silk,satin,0.7,0.32,0.82,"blouse,sweater,dress,shorts",135,0.87,0.81,0.45,0.62
Stretch Linen,flax,twill,0.89,0.78,0.72,"blanket,bag,coat,tshirt,blouse",318,0.9,0.33,0.78,0.35
Heavyweight Rayon,rayon,plain,0.74,0.48,0.71,"tshirt,shirt,pants,coat",169,0.58,0.47,0.48,0.57
Soft Rayon,rayon,crepe,0.77,0.36,0.71,"jeans,sweater,suit",83,0.37,0.56,0.72,0.43
Lightweight Rayon,rayon,plain,0.9,0.44,0.7,"jeans,blanket,scarf",167,0.5,0.72,0.47,0.32
Modern Silk,silk,satin,0.38,0.32,0.5,"shorts,activewear",344,0.48,0.35,0.56,0.32
Heavyweight Cotton,cotton,plain,0.4,0.34,0.73,"dress,underwear,blouse",148,0.18,0.66,0.86,0.46
Premium Rayon,rayon,twill,0.22,0.82,0.7,"dress,shirt",238,0.43,0.34,0.54,0.86
Heavyweight Nylon,nylon,mesh,0.47,0.4,0.76,"tshirt,hoodie,activewear,hat",191,0.93,0.45,0.57,0.67
Heavyweight Polyester,polyester,mesh,0.95,0.48,0.76,"skirt,pants,blanket",88,0.92,0.15,0.55,0.39
Durable Hemp,hemp,canvas,0.85,0.94,0.75,"shorts,hoodie,dress,skirt",326,0.69,0.45,0.79,0.46
Soft Lyocell,lyocell,jersey,0.5,0.66,0.39,"activewear,hat",283,0.66,0.36,0.71,0.87
Premium Lyocell,lyocell,plain,0.92,0.41,0.72,"jeans,scarf",234,0.56,0.14,0.48,0.83
Modern Hemp,hemp,plain,0.18,0.67,0.61,"scarf,sweater,skirt,hat",247,0.76,0.81,0.53,0.93
Premium Hemp,hemp,twill,0.12,0.26,0.44,"hat,suit,hoodie,bag,jacket",385,0.19,0.14,0.81,0.49
Soft Silk,silk,plain,0.46,0.5,0.71,"shirt,shorts,coat,jeans,hat",171,0.3,0.26,0.39,0.62
Classic Wool,wool,pile,0.16,0.23,0.35,"bag,shirt",172,0.26,0.11,0.48,0.88
Soft Linen,flax,basket,0.73,0.74,0.73,"jeans,blanket,underwear",144,0.75,0.4,0.87,0.66
Classic Silk,silk,satin,0.16,0.93,0.42,"tshirt,shirt,activewear,coat,underwear",93,0.17,0.54,0.57,0.91
Classic Hemp,hemp,twill,0.62,0.71,0.4,"dress,leggings,sweater,jeans,tshirt",386,0.8,0.63,0.51,0.63
Classic Polyester,polyester,plain,0.48,0.27,0.94,"activewear,underwear,shorts",355,0.55,0.64,0.86,0.71
Modern Wool,wool,twill,0.38,0.79,0.41,"suit,hoodie,hat,shirt",180,0.12,0.31,0.79,0.81
Soft Lyocell,lyocell,twill,0.43,0.92,0.33,"hoodie,blouse,coat",255,0.51,0.82,0.56,0.38
Durable Bamboo,bamboo,plain,0.57,0.51,0.49,"dress,coat,skirt,scarf",336,0.26,0.16,0.91,0.54
Lightweight Wool,wool,pile,0.86,0.63,0.49,"blouse,shirt",394,0.52,0.7,0.62,0.53
Premium Hemp,hemp,twill,0.91,0.92,0.94,"shirt,hoodie,bag,sweater",174,0.24,0.89,0.81,0.42
Heavyweight Linen,flax,plain,0.79,0.64,0.47,"blanket,bag,tshirt,skirt",240,0.83,0.28,0.54,0.69
Heavyweight Hemp,hemp,plain,0.37,0.26,0.34,"blanket,skirt,tshirt,sweater",181,0.14,0.71,0.37,0.9
Durable Bamboo,bamboo,knit,0.26,0.91,0.5,"blouse,blanket,hat,sweater",104,0.82,0.93,0.5,0.79
Premium Linen,flax,plain,0.64,0.68,0.91,"blanket,underwear,shorts",83,0.39,0.75,0.85,0.34
Classic Silk,silk,satin,0.83,0.67,0.89,"tshirt,sweater,jacket,blouse,shorts",372,0.91,0.12,0.87,0.41
Lightweight Lyocell,lyocell,twill,0.45,0.23,0.86,"jeans,blouse,pants",95,0.78,0.32,0.41,0.44
Classic Wool,wool,twill,0.19,0.91,0.42,"pants,jacket",197,0.47,0.91,0.32,0.39
Classic Rayon,rayon,plain,0.38,0.2,0.35,"dress,blouse,leggings,activewear,underwear",147,0.15,0.38,0.34,0.62
Durable Rayon,rayon,crepe,0.47,0.26,0.8,"jacket,hat",245,0.42,0.16,0.61,0.65
Heavyweight Rayon,rayon,twill,0.46,0.77,0.36,"blouse,underwear,tshirt,activewear",205,0.91,0.26,0.72,0.4
Durable Nylon,nylon,plain,0.94,0.38,0.81,"scarf,jeans,shirt,hoodie,activewear",91,0.1,0.64,0.86,0.73
Soft Bamboo,bamboo,jersey,0.18,0.56,0.61,"tshirt,jacket,blanket",269,0.58,0.47,0.78,0.88
Classic Wool,wool,twill,0.56,0.94,0.32,"dress,shorts,scarf",258,0.3,0.23,0.7,0.61
Stretch Linen,flax,basket,0.4,0.3,0.58,"blanket,tshirt",299,0.59,0.63,0.86,0.4
Heavyweight Wool,wool,pile,0.66,0.5,0.89,"tshirt,hoodie,jeans",398,0.74,0.93,0.44,0.46
Premium Rayon,rayon,crepe,0.42,0.85,0.53,"coat,shorts",183,0.86,0.35,0.63,0.93
Soft Polyester,polyester,mesh,0.76,0.22,0.44,"hoodie,skirt,pants",207,0.88,0.6,0.44,0.85
Classic Polyester,polyester,knit,0.87,0.25,0.43,"skirt,pants,blanket,dress",174,0.59,0.87,0.91,0.8
Modern Bamboo,bamboo,knit,0.39,0.39,0.44,"scarf,underwear,skirt,coat,dress",277,0.43,0.22,0.83,0.51
Modern Hemp,hemp,canvas,0.53,0.43,0.93,"underwear,bag",319,0.6,0.22,0.85,0.73
Modern Rayon,rayon,twill,0.37,0.63,0.57,"scarf,bag,underwear,hoodie",154,0.2,0.91,0.61,0.88
Durable Hemp,hemp,plain,0.28,0.46,0.88,"bag,underwear",290,0.37,0.49,0.6,0.69
Durable Hemp,hemp,plain,0.62,0.51,0.33,"activewear,underwear",347,0.22,0.53,0.74,0.82
Premium Linen,flax,basket,0.76,0.49,0.75,"suit,leggings,shirt,blouse,sweater",287,0.88,0.56,0.39,0.51
Classic Polyester,polyester,plain,0.52,0.42,0.35,"skirt,tshirt,scarf",146,0.43,0.31,0.48,0.55
Lightweight Rayon,rayon,crepe,0.69,0.26,0.7,"jeans,scarf,shorts,coat",384,0.81,0.71,0.68,0.85
Premium Wool,wool,pile,0.8,0.2,0.67,"blouse,jacket,tshirt",168,0.38,0.63,0.9,0.6
Soft Rayon,rayon,plain,0.49,0.43,0.49,"scarf,hat",241,0.79,0.24,0.42,0.42
Classic Rayon,rayon,plain,0.93,0.29,0.31,"blouse,activewear,underwear",307,0.29,0.41,0.31,0.32
Durable Linen,flax,plain,0.27,0.61,0.62,"shirt,blanket",339,0.54,0.11,0.71,0.39
Stretch Hemp,hemp,canvas,0.92,0.53,0.78,"leggings,skirt,suit,sweater,dress",137,0.43,0.11,0.41,0.45
Modern Nylon,nylon,plain,0.46,0.83,0.74,"jeans,coat,tshirt,dress",396,0.45,0.93,0.49,0.8
Durable Nylon,nylon,plain,0.12,0.29,0.86,"blanket,pants",251,0.69,0.3,0.71,0.32
Durable Bamboo,bamboo,jersey,0.59,0.35,0.69,"blouse,jacket",302,0.53,0.43,0.92,0.34
Classic Silk,silk,crepe,0.37,0.43,0.55,"jacket,skirt,leggings,hat,tshirt",154,0.68,0.79,0.85,0.65
Heavyweight Linen,flax,basket,0.36,0.4,0.63,"skirt,suit,pants,activewear,blanket",345,0.8,0.74,0.42,0.73
Modern Wool,wool,pile,0.64,0.38,0.39,"jacket,skirt,pants,tshirt",269,0.66,0.47,0.51,0.54
Lightweight Cotton,cotton,sateen,0.44,0.87,0.35,"suit,skirt,hoodie,jeans",253,0.61,0.78,0.95,0.57
Heavyweight Bamboo,bamboo,plain,0.42,0.24,0.68,"tshirt,coat,dress",366,0.13,0.85,0.3,0.76
Heavyweight Rayon,rayon,crepe,0.37,0.87,0.72,"shorts,blouse,scarf,blanket",107,0.23,0.75,0.82,0.67
Soft Silk,silk,crepe,0.13,0.56,0.86,"shorts,dress,activewear,pants,leggings",377,0.67,0.83,0.37,0.6
Lightweight Linen,flax,basket,0.27,0.88,0.37,"hat,jeans,underwear",347,0.37,0.15,0.81,0.42
Durable Silk,silk,satin,0.88,0.84,0.92,"underwear,pants,leggings",370,0.15,0.47,0.37,0.84
Durable Wool,wool,twill,0.72,0.22,0.4,"tshirt,shirt,sweater",260,0.39,0.45,0.56,0.59
Soft Bamboo,bamboo,jersey,0.82,0.8,0.6,"blanket,suit",366,0.94,0.37,0.76,0.44
Premium Rayon,rayon,plain,0.79,0.77,0.8,"blouse,shorts,sweater",100,0.51,0.64,0.72,0.33
Classic Rayon,rayon,plain,0.15,0.23,0.39,"jeans,tshirt,coat",287,0.55,0.69,0.77,0.7
Stretch Bamboo,bamboo,plain,0.81,0.31,0.66,"activewear,sweater,underwear,coat",315,0.64,0.3,0.41,0.49
Durable Linen,flax,basket,0.9,0.66,0.72,"activewear,skirt,hoodie,coat,blouse",286,0.49,0.54,0.63,0.6
Heavyweight Polyester,polyester,fleece,0.16,0.49,0.68,"blouse,jacket,suit,hoodie",267,0.68,0.66,0.71,0.5
Heavyweight Nylon,nylon,plain,0.77,0.21,0.69,"dress,leggings,suit,underwear,jeans",297,0.47,0.44,0.59,0.87
Stretch Bamboo,bamboo,jersey,0.23,0.59,0.83,"activewear,skirt,shorts,dress,jacket",280,0.83,0.88,0.93,0.5
Stretch Wool,wool,pile,0.5,0.58,0.64,"leggings,skirt,dress",336,0.69,0.57,0.47,0.44
Heavyweight Hemp,hemp,plain,0.63,0.25,0.62,"jacket,underwear,bag,coat,sweater",287,0.53,0.6,0.93,0.37
Durable Wool,wool,twill,0.61,0.45,0.49,"sweater,blouse,underwear,coat",390,0.33,0.24,0.73,0.88
Modern Lyocell,lyocell,plain,0.76,0.85,0.62,"scarf,tshirt,activewear,pants",145,0.44,0.34,0.33,0.68
Lightweight Linen,flax,basket,0.8,0.62,0.39,"shirt,jacket,shorts,blanket",216,0.64,0.42,0.69,0.76
Classic Cotton,cotton,jersey,0.66,0.66,0.59,"hoodie,underwear,shirt",261,0.38,0.75,0.92,0.6
Classic Lyocell,lyocell,jersey,0.71,0.75,0.33,"leggings,scarf,blanket",341,0.36,0.46,0.41,0.91
Classic Silk,silk,plain,0.61,0.3,0.77,"hoodie,activewear",90,0.35,0.58,0.78,0.77
Heavyweight Rayon,rayon,twill,0.68,0.72,0.64,"blouse,hat,underwear,hoodie,suit",140,0.35,0.28,0.52,0.75
Durable Silk,silk,plain,0.75,0.84,0.66,"coat,bag,underwear,skirt",261,0.93,0.19,0.36,0.47
Premium Nylon,nylon,ripstop,0.5,0.69,0.83,"leggings,hoodie,bag",386,0.44,0.72,0.32,0.92
Soft Polyester,polyester,knit,0.55,0.26,0.58,"jeans,blouse,dress,hat",152,0.15,0.87,0.32,0.34
Lightweight Nylon,nylon,ripstop,0.37,0.36,0.58,"scarf,leggings,shirt,sweater",148,0.64,0.47,0.5,0.65
Stretch Rayon,rayon,crepe,0.31,0.63,0.33,"pants,jeans,leggings,activewear",156,0.57,0.47,0.32,0.46
Heavyweight Wool,wool,twill,0.42,0.86,0.56,"activewear,hoodie,scarf,blanket",347,0.2,0.52,0.93,0.39
Heavyweight Nylon,nylon,ripstop,0.54,0.26,0.88,"jeans,shirt,dress,bag,shorts",140,0.86,0.31,0.42,0.69
Lightweight Polyester,polyester,knit,0.61,0.73,0.53,"hat,skirt",150,0.77,0.48,0.76,0.73
Heavyweight Silk,silk,crepe,0.79,0.25,0.72,"shirt,blanket,dress,sweater",129,0.81,0.81,0.34,0.86
Lightweight Hemp,hemp,plain,0.63,0.93,0.66,"shorts,hat",83,0.36,0.18,0.4,0.73
Classic Nylon,nylon,plain,0.57,0.68,0.94,"blouse,leggings,coat,sweater",104,0.4,0.59,0.68,0.57
Stretch Polyester,polyester,plain,0.87,0.21,0.62,"hoodie,coat,sweater,dress,blouse",344,0.94,0.83,0.74,0.31
Classic Silk,silk,satin,0.7,0.75,0.85,"jeans,bag,coat,shirt,sweater",300,0.81,0.57,0.73,0.6
Durable Polyester,polyester,knit,0.69,0.85,0.31,"shirt,hat,jeans",280,0.46,0.83,0.63,0.93
Heavyweight Bamboo,bamboo,plain,0.76,0.69,0.65,"dress,skirt,sweater",362,0.56,0.13,0.84,0.72
Lightweight Hemp,hemp,plain,0.5,0.56,0.9,"skirt,pants,jacket",279,0.47,0.81,0.8,0.77
Soft Lyocell,lyocell,plain,0.77,0.33,0.35,"tshirt,shorts,leggings",370,0.49,0.75,0.44,0.55
Stretch Polyester,polyester,knit,0.83,0.63,0.92,"suit,pants,hoodie,shirt",279,0.13,0.39,0.93,0.54
Lightweight Nylon,nylon,plain,0.12,0.63,0.63,"suit,pants",350,0.15,0.28,0.42,0.62
Modern Rayon,rayon,crepe,0.92,0.28,0.47,"skirt,sweater,bag,hoodie,coat",132,0.76,0.66,0.61,0.45
Soft Cotton,cotton,jersey,0.73,0.33,0.92,"leggings,dress,jacket,blouse",317,0.4,0.6,0.5,0.49
Durable Lyocell,lyocell,twill,0.73,0.91,0.41,"skirt,blouse,activewear,jeans,shorts",163,0.4,0.92,0.47,0.87
Soft Rayon,rayon,twill,0.11,0.84,0.72,"skirt,blanket,shorts,hat",116,0.78,0.12,0.6,0.37
Durable Linen,flax,plain,0.28,0.77,0.68,"scarf,jacket,jeans,pants",165,0.44,0.2,0.92,0.49
Premium Linen,flax,twill,0.55,0.77,0.71,"dress,leggings,shirt",111,0.95,0.33,0.63,0.7
Classic Hemp,hemp,canvas,0.66,0.79,0.46,"underwear,leggings,skirt",375,0.75,0.71,0.87,0.5
Heavyweight Linen,flax,plain,0.35,0.25,0.86,"blanket,shirt,scarf,shorts",83,0.25,0.54,0.93,0.9
Durable Wool,wool,plain,0.68,0.61,0.76,"bag,suit",264,0.78,0.39,0.57,0.49
Modern Wool,wool,twill,0.22,0.36,0.56,"activewear,scarf,hoodie,skirt",318,0.49,0.56,0.33,0.64
Soft Rayon,rayon,plain,0.16,0.23,0.57,"pants,suit,activewear,shorts,scarf",291,0.18,0.23,0.32,0.3
Heavyweight Polyester,polyester,fleece,0.73,0.25,0.75,"tshirt,shorts",249,0.44,0.28,0.47,0.68
Premium Silk,silk,satin,0.56,0.45,0.5,"blouse,activewear,shirt,coat",135,0.87,0.69,0.37,0.41
Soft Hemp,hemp,plain,0.25,0.88,0.6,"jacket,activewear,sweater,pants",386,0.88,0.57,0.52,0.94
Modern Nylon,nylon,ripstop,0.61,0.58,0.48,"hoodie,leggings,suit,activewear,tshirt",371,0.49,0.56,0.44,0.65
Soft Wool,wool,pile,0.27,0.79,0.47,"jeans,bag,shorts,coat,blouse",368,0.57,0.95,0.66,0.39
Soft Nylon,nylon,mesh,0.74,0.23,0.38,"suit,activewear,shirt",235,0.93,0.56,0.82,0.8
Lightweight Silk,silk,satin,0.92,0.69,0.69,"hoodie,leggings",392,0.23,0.67,0.44,0.36
Stretch Polyester,polyester,knit,0.83,0.41,0.88,"blanket,leggings,tshirt",231,0.3,0.56,0.36,0.64
Modern Nylon,nylon,plain,0.74,0.95,0.7,"leggings,activewear,underwear",322,0.72,0.4,0.36,0.44
Classic Bamboo,bamboo,plain,0.52,0.24,0.71,"sweater,tshirt,bag,suit",301,0.8,0.63,0.58,0.89
Modern Linen,flax,basket,0.82,0.27,0.72,"jeans,shorts,blanket,sweater",187,0.82,0.27,0.88,0.72
Durable Lyocell,lyocell,jersey,0.46,0.41,0.63,"blouse,shirt,scarf",236,0.71,0.21,0.31,0.89
Durable Polyester,polyester,knit,0.85,0.88,0.87,"hat,hoodie,suit,pants,leggings",159,0.94,0.29,0.32,0.87
Premium Wool,wool,pile,0.51,0.91,0.7,"blanket,jeans,scarf,bag",278,0.52,0.24,0.62,0.76
Premium Hemp,hemp,plain,0.94,0.38,0.4,"suit,hat,shirt,pants",330,0.68,0.54,0.42,0.86
Classic Lyocell,lyocell,twill,0.85,0.94,0.54,"underwear,coat",135,0.9,0.74,0.43,0.57
Soft Silk,silk,satin,0.95,0.35,0.95,"underwear,leggings,blanket,activewear",103,0.67,0.95,0.71,0.41
Durable Rayon,rayon,twill,0.39,0.77,0.85,"shirt,blouse,sweater,coat,skirt",166,0.42,0.39,0.87,0.89
Stretch Polyester,polyester,knit,0.6,0.71,0.44,"blouse,leggings",373,0.34,0.13,0.8,0.61
Soft Rayon,rayon,plain,0.16,0.34,0.7,"suit,hoodie,underwear",285,0.47,0.7,0.66,0.4
Heavyweight Linen,flax,basket,0.87,0.75,0.44,"suit,scarf,coat,jeans,shorts",127,0.81,0.66,0.64,0.41
Modern Nylon,nylon,plain,0.49,0.79,0.47,"underwear,pants,leggings,blouse,tshirt",127,0.81,0.83,0.37,0.83
Stretch Hemp,hemp,canvas,0.59,0.87,0.4,"jacket,hat,dress,activewear,underwear",176,0.55,0.9,0.61,0.74
Lightweight Polyester,polyester,plain,0.3,0.76,0.78,"bag,scarf,activewear,hat",179,0.8,0.88,0.71,0.35
Modern Hemp,hemp,canvas,0.19,0.57,0.54,"suit,scarf",219,0.78,0.28,0.77,0.62
Soft Hemp,hemp,canvas,0.53,0.86,0.46,"scarf,underwear",350,0.47,0.79,0.57,0.77
Durable Rayon,rayon,twill,0.39,0.65,0.46,"blanket,tshirt,suit,skirt",136,0.65,0.74,0.4,0.53
Soft Linen,flax,twill,0.44,0.72,0.34,"shorts,sweater,jeans",135,0.31,0.78,0.56,0.52
Durable Lyocell,lyocell,twill,0.94,0.26,0.84,"shirt,jacket,dress",307,0.87,0.57,0.7,0.46
Modern Wool,wool,pile,0.37,0.66,0.89,"suit,jacket,blouse",130,0.25,0.62,0.44,0.78
Stretch Nylon,nylon,ripstop,0.2,0.44,0.68,"shorts,blouse,jeans",172,0.21,0.89,0.92,0.9
Premium Wool,wool,pile,0.67,0.44,0.85,"pants,suit,blouse,leggings",148,0.29,0.29,0.3,0.38
Durable Linen,flax,basket,0.58,0.22,0.47,"underwear,shorts,sweater,jeans,pants",294,0.23,0.79,0.75,0.45
Soft Hemp,hemp,plain,0.19,0.75,0.92,"shorts,jacket",222,0.23,0.56,0.8,0.73
Stretch Polyester,polyester,plain,0.28,0.86,0.32,"activewear,shirt",251,0.12,0.79,0.8,0.32
Modern Lyocell,lyocell,jersey,0.46,0.7,0.85,"shirt,activewear,sweater,hat",133,0.58,0.65,0.57,0.84
Premium Silk,silk,plain,0.37,0.83,0.64,"tshirt,underwear",319,0.83,0.48,0.37,0.36
Heavyweight Nylon,nylon,plain,0.76,0.25,0.39,"leggings,pants,jeans",322,0.74,0.57,0.81,0.54
Durable Hemp,hemp,canvas,0.93,0.84,0.58,"jacket,activewear,hat",322,0.21,0.68,0.73,0.44
Premium Silk,silk,crepe,0.64,0.31,0.93,"sweater,scarf",169,0.57,0.92,0.42,0.84
Heavyweight Wool,wool,plain,0.26,0.31,0.35,"blouse,bag,shorts,hat",135,0.61,0.39,0.67,0.64
Stretch Silk,silk,plain,0.71,0.93,0.89,"blouse,shirt",194,0.33,0.17,0.49,0.76
Heavyweight Linen,flax,basket,0.65,0.58,0.54,"jacket,dress,hoodie",390,0.57,0.27,0.74,0.73
Modern Wool,wool,knit,0.15,0.62,0.46,"shirt,sweater,leggings,jacket,dress",230,0.49,0.54,0.86,0.78
Classic Hemp,hemp,twill,0.64,0.3,0.78,"skirt,underwear,suit,hat,dress",84,0.59,0.31,0.37,0.78
Classic Wool,wool,pile,0.82,0.35,0.36,"blouse,leggings,activewear",291,0.72,0.61,0.7,0.49
Soft Silk,silk,satin,0.58,0.58,0.46,"hat,shirt,skirt,sweater,coat",268,0.84,0.6,0.39,0.68
Stretch Bamboo,bamboo,jersey,0.7,0.86,0.86,"suit,hat,shirt,pants,sweater",85,0.1,0.66,0.56,0.59
Premium Wool,wool,pile,0.85,0.22,0.5,"jacket,sweater,underwear,hat,shorts",117,0.68,0.39,0.32,0.94
Classic Linen,flax,basket,0.54,0.84,0.35,"hat,suit,bag",93,0.78,0.46,0.61,0.35
Heavyweight Polyester,polyester,plain,0.42,0.61,0.92,"shorts,hoodie,dress,activewear,shirt",229,0.39,0.49,0.32,0.52
Durable Cotton,cotton,twill,0.64,0.28,0.72,"tshirt,blouse",279,0.23,0.26,0.35,0.47
Modern Nylon,nylon,plain,0.61,0.3,0.31,"hoodie,leggings,sweater",219,0.58,0.5,0.81,0.82
Premium Polyester,polyester,plain,0.34,0.91,0.9,"blouse,jeans,hat",233,0.12,0.63,0.55,0.81
Soft Nylon,nylon,mesh,0.82,0.32,0.72,"scarf,hoodie,pants,underwear,skirt",370,0.47,0.54,0.51,0.57
Heavyweight Linen,flax,basket,0.91,0.84,0.85,"tshirt,blouse,scarf,skirt,hoodie",396,0.35,0.89,0.73,0.78
Premium Hemp,hemp,plain,0.94,0.24,0.72,"underwear,skirt,jeans",185,0.64,0.25,0.72,0.82
Soft Bamboo,bamboo,knit,0.9,0.21,0.34,"scarf,blouse",230,0.89,0.78,0.66,0.54
Lightweight Cotton,cotton,sateen,0.5,0.71,0.91,"shorts,scarf",367,0.4,0.22,0.58,0.82
Heavyweight Cotton,cotton,sateen,0.9,0.89,0.76,"leggings,bag",326,0.7,0.13,0.83,0.49
Modern Linen,flax,plain,0.38,0.78,0.72,"scarf,tshirt,jacket,shorts",321,0.78,0.16,0.73,0.7
Soft Silk,silk,satin,0.79,0.52,0.7,"underwear,sweater,activewear",188,0.45,0.52,0.84,0.49
Stretch Linen,flax,basket,0.46,0.22,0.64,"blanket,pants,activewear,bag,sweater",357,0.48,0.4,0.7,0.61
Soft Linen,flax,twill,0.25,0.43,0.56,"blanket,bag,tshirt",226,0.77,0.53,0.5,0.63
Classic Hemp,hemp,plain,0.4,0.71,0.3,"coat,leggings,bag",260,0.69,0.3,0.79,0.84
Premium Hemp,hemp,canvas,0.68,0.71,0.72,"sweater,tshirt,jacket,shorts",298,0.5,0.19,0.68,0.72
Classic Silk,silk,plain,0.28,0.54,0.33,"dress,coat,jeans",267,0.34,0.83,0.59,0.48
Stretch Wool,wool,plain,0.3,0.64,0.78,"jeans,skirt,shirt",348,0.51,0.72,0.38,0.44
Classic Linen,flax,plain,0.73,0.48,0.46,"hat,pants",219,0.41,0.75,0.76,0.36
Premium Nylon,nylon,mesh,0.81,0.57,0.41,"activewear,jeans,bag,blouse,blanket",372,0.66,0.56,0.5,0.77
Heavyweight Wool,wool,knit,0.54,0.62,0.52,"hat,blanket,coat",248,0.27,0.94,0.71,0.37
Classic Lyocell,lyocell,plain,0.18,0.45,0.69,"tshirt,leggings,hat,blouse,bag",124,0.79,0.42,0.57,0.36
Stretch Bamboo,bamboo,jersey,0.61,0.48,0.55,"shorts,jeans,leggings,jacket",277,0.9,0.38,0.39,0.72
Durable Hemp,hemp,twill,0.44,0.86,0.68,"dress,blanket",366,0.7,0.84,0.52,0.64
Classic Lyocell,lyocell,twill,0.48,0.8,0.71,"underwear,jacket,bag,suit",163,0.56,0.78,0.3,0.57
Stretch Bamboo,bamboo,plain,0.14,0.55,0.71,"hoodie,hat,shirt,jeans",158,0.5,0.69,0.41,0.87
Premium Hemp,hemp,canvas,0.29,0.5,0.61,"shorts,underwear,leggings,sweater",106,0.52,0.72,0.92,0.4
Modern Polyester,polyester,plain,0.21,0.22,0.49,"suit,underwear,sweater,blanket",328,0.73,0.34,0.48,0.52
Soft Lyocell,lyocell,plain,0.92,0.87,0.74,"tshirt,suit,dress",298,0.48,0.71,0.33,0.33
Lightweight Lyocell,lyocell,plain,0.69,0.32,0.44,"dress,jeans,bag,shirt",377,0.78,0.87,0.54,0.47
Soft Bamboo,bamboo,jersey,0.75,0.46,0.79,"shorts,sweater",192,0.92,0.51,0.74,0.75
Lightweight Lyocell,lyocell,jersey,0.87,0.2,0.42,"shirt,hoodie,jeans",259,0.46,0.12,0.7,0.8
Lightweight Silk,silk,crepe,0.29,0.27,0.85,"hat,leggings,blanket,shirt,pants",251,0.81,0.14,0.58,0.41
Stretch Linen,flax,basket,0.68,0.56,0.56,"scarf,coat",305,0.82,0.15,0.49,0.41
Premium Wool,wool,plain,0.93,0.58,0.83,"suit,hoodie",314,0.12,0.33,0.67,0.78
Soft Bamboo,bamboo,knit,0.58,0.86,0.49,"leggings,activewear",222,0.55,0.1,0.68,0.65
Modern Wool,wool,twill,0.82,0.59,0.82,"jeans,activewear,shirt,blanket,bag",146,0.44,0.73,0.54,0.43
Lightweight Rayon,rayon,plain,0.73,0.5,0.93,"tshirt,leggings,blouse",384,0.2,0.79,0.55,0.93
Lightweight Rayon,rayon,crepe,0.13,0.89,0.48,"coat,shirt,bag",181,0.77,0.15,0.39,0.62
Soft Silk,silk,crepe,0.7,0.79,0.36,"coat,shorts,bag",396,0.54,0.63,0.46,0.77
Heavyweight Polyester,polyester,plain,0.18,0.64,0.66,"coat,jeans,hat,tshirt",337,0.22,0.43,0.9,0.5
Lightweight Lyocell,lyocell,twill,0.39,0.27,0.74,"leggings,suit,jeans,shorts,hoodie",104,0.22,0.86,0.47,0.92
Classic Rayon,rayon,plain,0.75,0.86,0.43,"hat,tshirt",371,0.31,0.34,0.92,0.45
Heavyweight Bamboo,bamboo,plain,0.87,0.24,0.52,"shirt,dress,coat",371,0.79,0.81,0.75,0.41
Soft Nylon,nylon,plain,0.14,0.78,0.94,"skirt,scarf,blanket,underwear",282,0.3,0.2,0.87,0.82
Lightweight Nylon,nylon,ripstop,0.16,0.33,0.82,"jacket,tshirt",344,0.9,0.72,0.71,0.72
Heavyweight Polyester,polyester,mesh,0.4,0.51,0.68,"scarf,blanket,skirt,shirt,leggings",293,0.15,0.51,0.36,0.7
Premium Wool,wool,twill,0.16,0.25,0.8,"sweater,coat,hat,activewear",399,0.19,0.76,0.42,0.8
Durable Hemp,hemp,plain,0.24,0.86,0.58,"skirt,shirt,bag,sweater",374,0.95,0.43,0.73,0.71
Classic Nylon,nylon,plain,0.64,0.49,0.54,"dress,blanket,hat",246,0.23,0.65,0.36,0.54
Modern Rayon,rayon,twill,0.45,0.52,0.51,"blouse,shorts,suit",395,0.44,0.77,0.58,0.63
Modern Nylon,nylon,plain,0.8,0.58,0.82,"leggings,sweater,bag,underwear",180,0.51,0.15,0.65,0.46
Stretch Wool,wool,knit,0.45,0.41,0.55,"hoodie,bag,blouse,skirt",257,0.23,0.43,0.45,0.84
Heavyweight Nylon,nylon,mesh,0.68,0.23,0.76,"tshirt,sweater,shorts,bag,skirt",132,0.15,0.39,0.34,0.85
Premium Lyocell,lyocell,twill,0.48,0.68,0.95,"shirt,leggings",232,0.69,0.33,0.42,0.54
Premium Silk,silk,satin,0.63,0.41,0.49,"blouse,jeans",206,0.49,0.45,0.79,0.94
Lightweight Silk,silk,plain,0.7,0.7,0.65,"skirt,blanket,activewear",126,0.44,0.3,0.51,0.62
Classic Nylon,nylon,plain,0.94,0.24,0.67,"hoodie,skirt,jeans,dress",88,0.66,0.72,0.72,0.8
Modern Silk,silk,satin,0.67,0.45,0.39,"sweater,pants,bag,jacket",384,0.19,0.78,0.84,0.37
Stretch Silk,silk,plain,0.16,0.65,0.69,"hat,shirt,jacket",127,0.57,0.38,0.32,0.77
Modern Silk,silk,plain,0.82,0.21,0.92,"hat,activewear,scarf",96,0.66,0.6,0.52,0.51
Classic Hemp,hemp,plain,0.11,0.3,0.86,"underwear,sweater,skirt,jacket",143,0.45,0.65,0.9,0.56
Durable Bamboo,bamboo,plain,0.87,0.61,0.8,"jeans,hoodie,underwear,shorts",360,0.71,0.17,0.54,0.34
Lightweight Hemp,hemp,canvas,0.95,0.83,0.64,"activewear,hat,shorts,blanket",198,0.34,0.7,0.42,0.64
Lightweight Hemp,hemp,plain,0.28,0.79,0.93,"pants,leggings,underwear",259,0.58,0.93,0.48,0.31
Modern Rayon,rayon,plain,0.59,0.4,0.57,"bag,coat,blanket",350,0.12,0.48,0.72,0.93
Stretch Bamboo,bamboo,jersey,0.43,0.35,0.68,"bag,skirt,dress,pants",186,0.45,0.4,0.39,0.85
Classic Nylon,nylon,plain,0.72,0.33,0.46,"scarf,suit,bag,blouse",311,0.28,0.37,0.6,0.9
Premium Nylon,nylon,plain,0.26,0.74,0.38,"coat,blanket,bag,skirt",262,0.75,0.12,0.38,0.53
Modern Hemp,hemp,twill,0.53,0.71,0.39,"bag,blouse,skirt,sweater",167,0.78,0.67,0.57,0.47
Stretch Linen,flax,twill,0.78,0.31,0.75,"blouse,sweater,jeans",131,0.45,0.71,0.44,0.3
Premium Linen,flax,basket,0.31,0.31,0.81,"scarf,underwear",202,0.19,0.59,0.95,0.66
Classic Linen,flax,basket,0.73,0.33,0.63,"bag,shirt",224,0.22,0.12,0.92,0.31
Heavyweight Nylon,nylon,plain,0.26,0.91,0.72,"sweater,skirt,tshirt,jacket",276,0.11,0.15,0.61,0.44
Modern Nylon,nylon,ripstop,0.5,0.46,0.6,"hoodie,leggings,blanket,jeans",111,0.81,0.19,0.71,0.67
Durable Rayon,rayon,crepe,0.94,0.35,0.46,"coat,pants,jacket,jeans,underwear",328,0.44,0.93,0.36,0.83
Modern Bamboo,bamboo,plain,0.73,0.36,0.94,"sweater,suit",345,0.53,0.49,0.65,0.48
Modern Nylon,nylon,ripstop,0.44,0.85,0.4,"skirt,shorts",167,0.81,0.7,0.42,0.47
Modern Bamboo,bamboo,knit,0.23,0.88,0.84,"hat,underwear,jeans",314,0.34,0.32,0.9,0.55
Modern Hemp,hemp,plain,0.71,0.26,0.91,"sweater,jeans,bag,activewear",285,0.49,0.73,0.85,0.31
Stretch Linen,flax,plain,0.9,0.35,0.94,"tshirt,activewear,sweater",288,0.48,0.73,0.94,0.38
Stretch Polyester,polyester,plain,0.59,0.71,0.58,"bag,hoodie,activewear,leggings,coat",290,0.93,0.61,0.76,0.58
Soft Linen,flax,basket,0.85,0.42,0.87,"hoodie,jeans,tshirt,dress",340,0.27,0.39,0.66,0.72
Classic Rayon,rayon,plain,0.31,0.36,0.4,"suit,hat,pants",243,0.4,0.17,0.5,0.35
Durable Silk,silk,plain,0.21,0.8,0.5,"sweater,tshirt,activewear,suit",169,0.21,0.22,0.78,0.5
Modern Cotton,cotton,jersey,0.78,0.39,0.45,"leggings,suit",337,0.93,0.8,0.78,0.66
Lightweight Lyocell,lyocell,plain,0.17,0.76,0.56,"blouse,skirt,shorts",351,0.92,0.49,0.7,0.31
Durable Lyocell,lyocell,twill,0.61,0.78,0.41,"scarf,bag",273,0.56,0.13,0.61,0.87
Premium Polyester,polyester,knit,0.77,0.74,0.6,"dress,blouse,jacket,tshirt,shorts",222,0.51,0.93,0.42,0.56
Premium Silk,silk,plain,0.15,0.58,0.37,"leggings,skirt,shorts,scarf",264,0.15,0.55,0.76,0.89
Classic Rayon,rayon,twill,0.92,0.36,0.84,"coat,jeans,hoodie,blouse,blanket",324,0.81,0.61,0.69,0.84
Classic Bamboo,bamboo,knit,0.9,0.25,0.31,"bag,jacket",344,0.56,0.49,0.92,0.59
Stretch Cotton,cotton,jersey,0.67,0.89,0.84,"blanket,coat",131,0.2,0.65,0.55,0.89
Durable Linen,flax,plain,0.62,0.89,0.85,"blouse,tshirt,hoodie,pants",312,0.77,0.49,0.92,0.74
Heavyweight Hemp,hemp,canvas,0.8,0.29,0.93,"shirt,hoodie,jacket",387,0.12,0.16,0.69,0.9
Premium Lyocell,lyocell,plain,0.88,0.49,0.53,"scarf,pants",93,0.41,0.71,0.66,0.64
Modern Wool,wool,knit,0.87,0.73,0.93,"sweater,bag",139,0.66,0.75,0.54,0.51
Modern Polyester,polyester,fleece,0.51,0.24,0.92,"suit,blanket,leggings,coat",171,0.67,0.45,0.63,0.3
Durable Polyester,polyester,knit,0.55,0.2,0.77,"dress,suit,shorts",237,0.43,0.51,0.85,0.47
Modern Nylon,nylon,plain,0.78,0.34,0.81,"bag,shirt,activewear,coat",370,0.94,0.92,0.74,0.95
Soft Lyocell,lyocell,plain,0.66,0.9,0.47,"activewear,dress,jeans",180,0.27,0.65,0.47,0.48
Soft Rayon,rayon,crepe,0.27,0.62,0.9,"underwear,skirt,suit,shirt",214,0.4,0.54,0.8,0.36
Durable Wool,wool,knit,0.79,0.73,0.89,"jeans,scarf",360,0.59,0.78,0.73,0.64
Stretch Hemp,hemp,plain,0.74,0.93,0.64,"skirt,sweater,hat",98,0.48,0.14,0.39,0.56
Premium Hemp,hemp,canvas,0.85,0.63,0.94,"scarf,jacket,blouse",306,0.12,0.71,0.72,0.78
Classic Polyester,polyester,mesh,0.31,0.76,0.47,"blouse,skirt,shirt,hat",285,0.66,0.27,0.68,0.75
Durable Polyester,polyester,plain,0.6,0.37,0.66,"jeans,suit",369,0.32,0.11,0.47,0.78
Stretch Silk,silk,satin,0.73,0.49,0.91,"tshirt,pants,hoodie,leggings",163,0.2,0.68,0.64,0.43
Stretch Nylon,nylon,mesh,0.31,0.63,0.67,"sweater,hat,hoodie",236,0.88,0.76,0.62,0.49
Soft Nylon,nylon,plain,0.13,0.65,0.54,"tshirt,dress,jeans,underwear,blanket",257,0.93,0.17,0.9,0.78
Heavyweight Bamboo,bamboo,jersey,0.12,0.41,0.46,"sweater,shorts,jeans,blouse,jacket",157,0.32,0.38,0.89,0.56
Modern Nylon,nylon,mesh,0.46,0.65,0.55,"sweater,activewear,jeans,coat,hoodie",228,0.59,0.89,0.42,0.35
Modern Bamboo,bamboo,jersey,0.32,0.86,0.65,"hat,underwear,scarf",163,0.19,0.72,0.54,0.82
Lightweight Silk,silk,satin,0.62,0.67,0.58,"underwear,blanket,scarf,tshirt,pants",198,0.93,0.66,0.84,0.47
Lightweight Lyocell,lyocell,plain,0.45,0.74,0.31,"leggings,tshirt",181,0.86,0.87,0.76,0.63
Heavyweight Cotton,cotton,jersey,0.6,0.38,0.74,"scarf,suit,shorts",239,0.25,0.35,0.77,0.75
Lightweight Bamboo,bamboo,plain,0.36,0.51,0.33,"hoodie,shorts,suit,skirt,tshirt",181,0.57,0.58,0.54,0.92
Lightweight Silk,silk,satin,0.95,0.74,0.4,"shorts,tshirt,scarf",359,0.84,0.23,0.61,0.91
Heavyweight Bamboo,bamboo,plain,0.77,0.56,0.47,"dress,suit",206,0.74,0.46,0.58,0.84
Classic Nylon,nylon,ripstop,0.18,0.73,0.92,"jacket,skirt,bag,underwear,blanket",202,0.18,0.46,0.62,0.69
Classic Lyocell,lyocell,jersey,0.86,0.56,0.4,"jacket,scarf,blanket,shirt",277,0.65,0.64,0.45,0.7
Modern Bamboo,bamboo,plain,0.81,0.28,0.31,"hoodie,pants,shirt,sweater",336,0.65,0.4,0.36,0.45
Durable Hemp,hemp,plain,0.36,0.67,0.55,"bag,suit,dress,hoodie,activewear",112,0.28,0.74,0.43,0.77
Classic Silk,silk,plain,0.44,0.64,0.55,"jeans,hat",152,0.19,0.32,0.44,0.86
Durable Rayon,rayon,twill,0.13,0.27,0.32,"scarf,dress,coat,skirt,bag",328,0.56,0.62,0.47,0.61
Durable Cotton,cotton,twill,0.46,0.82,0.55,"blouse,dress",105,0.35,0.66,0.57,0.8
Durable Rayon,rayon,twill,0.39,0.76,0.69,"shirt,sweater",116,0.89,0.29,0.35,0.46
Lightweight Bamboo,bamboo,jersey,0.46,0.61,0.4,"underwear,bag,tshirt,coat,dress",123,0.33,0.5,0.6,0.47
Premium Cotton,cotton,twill,0.47,0.49,0.71,"bag,shorts,jeans,scarf,suit",125,0.1,0.21,0.71,0.48
Modern Bamboo,bamboo,jersey,0.12,0.44,0.53,"sweater,activewear,blanket,leggings",87,0.72,0.85,0.81,0.78
Modern Lyocell,lyocell,jersey,0.67,0.69,0.93,"dress,suit",309,0.95,0.84,0.46,0.78
Soft Wool,wool,plain,0.91,0.61,0.43,"underwear,activewear",210,0.57,0.7,0.82,0.33
Premium Bamboo,bamboo,jersey,0.83,0.39,0.44,"jeans,activewear,shorts,dress",343,0.5,0.27,0.31,0.91
Soft Silk,silk,crepe,0.23,0.77,0.79,"hoodie,jacket,shirt,blouse",181,0.73,0.47,0.77,0.53
Premium Silk,silk,crepe,0.71,0.71,0.92,"suit,blanket,activewear,jeans,shorts",261,0.63,0.43,0.75,0.88
Soft Silk,silk,crepe,0.71,0.71,0.57,"coat,shorts,hoodie,tshirt,hat",125,0.9,0.93,0.41,0.81
Soft Wool,wool,pile,0.11,0.89,0.95,"shirt,pants,skirt,jeans,leggings",128,0.88,0.76,0.58,0.65
Lightweight Nylon,nylon,ripstop,0.69,0.9,0.78,"coat,hoodie,bag,blanket",81,0.7,0.45,0.73,0.9
Modern Hemp,hemp,twill,0.23,0.93,0.74,"suit,activewear,underwear",135,0.66,0.71,0.83,0.73
Lightweight Cotton,cotton,twill,0.83,0.64,0.41,"skirt,scarf,shirt",323,0.72,0.4,0.88,0.77
Premium Wool,wool,twill,0.25,0.5,0.64,"activewear,pants,leggings,sweater",89,0.86,0.16,0.89,0.63
Soft Cotton,cotton,plain,0.61,0.69,0.51,"underwear,blanket",150,0.78,0.31,0.36,0.67
Classic Rayon,rayon,twill,0.6,0.68,0.82,"bag,underwear,skirt,hat,pants",131,0.35,0.67,0.8,0.92
Classic Hemp,hemp,twill,0.81,0.6,0.33,"jeans,shorts,pants",206,0.53,0.86,0.9,0.94
Soft Silk,silk,crepe,0.79,0.25,0.86,"hat,shirt,coat,underwear",162,0.6,0.45,0.77,0.38
Heavyweight Cotton,cotton,sateen,0.68,0.33,0.85,"blanket,jeans",199,0.51,0.82,0.52,0.74
Premium Hemp,hemp,plain,0.24,0.54,0.66,"activewear,bag",91,0.82,0.7,0.43,0.46
Soft Silk,silk,plain,0.76,0.39,0.65,"sweater,dress,blouse,blanket,jeans",161,0.22,0.94,0.46,0.3
Durable Wool,wool,twill,0.6,0.6,0.31,"activewear,sweater,pants,underwear,hat",245,0.38,0.79,0.32,0.7
Stretch Silk,silk,satin,0.35,0.46,0.35,"jacket,coat,scarf,tshirt",85,0.1,0.56,0.4,0.67
Classic Rayon,rayon,twill,0.18,0.8,0.5,"dress,scarf",381,0.73,0.74,0.32,0.35
Soft Polyester,polyester,fleece,0.73,0.89,0.56,"coat,pants,blouse",184,0.88,0.43,0.33,0.33
Modern Polyester,polyester,plain,0.95,0.71,0.7,"pants,tshirt",167,0.89,0.54,0.54,0.76
Soft Linen,flax,basket,0.18,0.59,0.62,"activewear,hoodie,coat",190,0.57,0.59,0.7,0.79
Soft Cotton,cotton,jersey,0.76,0.55,0.67,"scarf,dress,bag",269,0.38,0.76,0.63,0.42
Stretch Cotton,cotton,plain,0.83,0.4,0.33,"coat,hoodie,shorts,skirt",121,0.1,0.56,0.38,0.89
Classic Polyester,polyester,knit,0.74,0.4,0.87,"coat,jeans,underwear,hat",122,0.54,0.74,0.84,0.31
Stretch Linen,flax,basket,0.85,0.83,0.36,"activewear,dress,hat",374,0.37,0.76,0.67,0.81
Soft Wool,wool,pile,0.51,0.61,0.36,"jeans,pants,coat,suit",191,0.2,0.63,0.42,0.31
Stretch Wool,wool,twill,0.79,0.48,0.71,"bag,scarf,suit,shorts,shirt",110,0.69,0.2,0.76,0.42
Lightweight Rayon,rayon,crepe,0.76,0.46,0.71,"dress,scarf,suit",108,0.49,0.48,0.74,0.89
Classic Rayon,rayon,crepe,0.49,0.28,0.93,"hat,bag,skirt,activewear,shorts",121,0.45,0.11,0.62,0.43
Soft Bamboo,bamboo,plain,0.37,0.58,0.47,"jacket,blanket,jeans,underwear",272,0.32,0.92,0.58,0.59
Stretch Bamboo,bamboo,knit,0.43,0.63,0.79,"leggings,coat,blouse,hat",81,0.85,0.43,0.93,0.61
Modern Lyocell,lyocell,twill,0.65,0.77,0.61,"tshirt,blanket,sweater",90,0.39,0.17,0.46,0.73
Heavyweight Cotton,cotton,jersey,0.56,0.85,0.36,"shorts,blanket,underwear",129,0.44,0.94,0.92,0.48
Modern Cotton,cotton,sateen,0.91,0.54,0.8,"jeans,leggings,sweater",330,0.74,0.42,0.89,0.82
Soft Wool,wool,twill,0.2,0.34,0.72,"jeans,tshirt",324,0.67,0.82,0.42,0.67
Classic Rayon,rayon,plain,0.4,0.61,0.65,"scarf,coat,jacket,underwear",247,0.77,0.44,0.33,0.56
Stretch Bamboo,bamboo,jersey,0.24,0.83,0.85,"pants,shirt",235,0.66,0.32,0.64,0.83
Stretch Bamboo,bamboo,knit,0.2,0.57,0.72,"hat,hoodie,leggings,coat",300,0.73,0.85,0.39,0.7
Classic Hemp,hemp,twill,0.89,0.68,0.59,"shirt,skirt,jacket,coat,blanket",308,0.64,0.84,0.35,0.51
Modern Rayon,rayon,twill,0.72,0.61,0.7,"jeans,tshirt,leggings,jacket,hoodie",307,0.12,0.34,0.62,0.79
Heavyweight Wool,wool,knit,0.73,0.73,0.49,"shorts,underwear,jacket,blouse",349,0.6,0.65,0.75,0.32
Premium Polyester,polyester,plain,0.49,0.41,0.93,"pants,jeans,underwear",358,0.4,0.23,0.86,0.72
Heavyweight Hemp,hemp,twill,0.22,0.53,0.68,"scarf,skirt,underwear",93,0.13,0.48,0.55,0.42
Classic Wool,wool,twill,0.83,0.74,0.57,"hat,bag,blanket,shirt,activewear",104,0.91,0.71,0.93,0.85
Stretch Silk,silk,crepe,0.22,0.89,0.64,"blouse,shirt",334,0.91,0.27,0.94,0.4
Premium Lyocell,lyocell,jersey,0.49,0.44,0.43,"sweater,bag,leggings,blouse,coat",347,0.34,0.7,0.5,0.93
Durable Polyester,polyester,plain,0.33,0.57,0.9,"activewear,blouse,underwear",343,0.91,0.2,0.57,0.87
Stretch Bamboo,bamboo,plain,0.93,0.38,0.9,"suit,hat,bag,jacket,pants",282,0.49,0.68,0.77,0.6
Soft Nylon,nylon,mesh,0.39,0.32,0.5,"shirt,shorts,hoodie",254,0.22,0.84,0.88,0.59
Heavyweight Polyester,polyester,knit,0.22,0.52,0.9,"jacket,blouse,sweater,jeans",373,0.53,0.65,0.95,0.71
Modern Silk,silk,plain,0.38,0.32,0.37,"shirt,pants,dress,sweater,skirt",130,0.72,0.84,0.49,0.91
Durable Lyocell,lyocell,jersey,0.81,0.9,0.3,"hat,pants,bag",81,0.57,0.69,0.83,0.73
Stretch Linen,flax,twill,0.93,0.5,0.54,"skirt,jacket,shorts,hoodie",219,0.78,0.87,0.49,0.89
Soft Wool,wool,knit,0.53,0.65,0.71,"jeans,dress,skirt,bag",301,0.82,0.49,0.38,0.61
Lightweight Wool,wool,twill,0.92,0.83,0.36,"tshirt,skirt",277,0.67,0.52,0.95,0.44
Lightweight Silk,silk,crepe,0.21,0.41,0.56,"underwear,sweater,hoodie",320,0.8,0.48,0.36,0.65
Premium Silk,silk,crepe,0.51,0.5,0.58,"shorts,leggings,dress,hat",275,0.86,0.7,0.51,0.5
Heavyweight Cotton,cotton,twill,0.3,0.52,0.57,"shorts,hat",259,0.19,0.63,0.86,0.42
Premium Nylon,nylon,plain,0.45,0.33,0.94,"underwear,suit,shorts",265,0.15,0.55,0.58,0.79
Premium Polyester,polyester,mesh,0.8,0.79,0.33,"coat,underwear,sweater,bag,suit",133,0.71,0.83,0.49,0.94
Premium Lyocell,lyocell,twill,0.44,0.62,0.85,"activewear,sweater,jacket",329,0.61,0.31,0.84,0.86
Soft Hemp,hemp,canvas,0.63,0.44,0.51,"jeans,jacket,blanket,hat,leggings",86,0.48,0.56,0.94,0.83
Classic Nylon,nylon,plain,0.61,0.53,0.84,"sweater,tshirt,jacket,dress",194,0.62,0.63,0.52,0.44
Durable Nylon,nylon,mesh,0.39,0.77,0.85,"leggings,jacket,blouse,scarf,shorts",118,0.6,0.53,0.69,0.88
Lightweight Wool,wool,pile,0.83,0.31,0.55,"coat,scarf,hat,shirt",198,0.93,0.2,0.84,0.77
Modern Hemp,hemp,canvas,0.74,0.93,0.77,"hat,pants,underwear",256,0.61,0.26,0.54,0.48
Durable Hemp,hemp,plain,0.69,0.64,0.67,"dress,scarf,blouse,jacket",118,0.28,0.4,0.48,0.43
Modern Bamboo,bamboo,jersey,0.89,0.49,0.6,"jeans,sweater,bag,underwear,hat",98,0.18,0.23,0.33,0.8
Heavyweight Bamboo,bamboo,knit,0.82,0.75,0.53,"suit,shorts,blouse",90,0.35,0.69,0.78,0.47
Lightweight Rayon,rayon,plain,0.68,0.72,0.9,"underwear,shirt,suit,hat,scarf",86,0.31,0.19,0.6,0.9
Stretch Bamboo,bamboo,knit,0.83,0.2,0.76,"suit,pants",237,0.57,0.23,0.52,0.83
Modern Hemp,hemp,twill,0.61,0.68,0.51,"hoodie,skirt,shorts,coat,jeans",201,0.3,0.78,0.52,0.87
Classic Linen,flax,basket,0.86,0.33,0.32,"blanket,bag,blouse,hoodie",198,0.56,0.24,0.84,0.53
Modern Polyester,polyester,knit,0.28,0.87,0.87,"shirt,suit,blouse",210,0.83,0.89,0.58,0.88
Stretch Silk,silk,satin,0.28,0.54,0.45,"scarf,hat,suit,leggings,jacket",100,0.31,0.26,0.69,0.85
Premium Hemp,hemp,canvas,0.59,0.46,0.66,"leggings,blanket,skirt,jacket",169,0.71,0.65,0.61,0.52
Classic Rayon,rayon,crepe,0.44,0.74,0.67,"sweater,activewear,jacket,leggings,underwear",293,0.78,0.24,0.78,0.54
Durable Rayon,rayon,twill,0.58,0.59,0.44,"hoodie,coat",212,0.56,0.24,0.31,0.94
Soft Polyester,polyester,mesh,0.84,0.57,0.84,"scarf,dress,skirt,sweater",175,0.72,0.5,0.48,0.55
Soft Rayon,rayon,plain,0.76,0.72,0.8,"jacket,underwear,leggings",201,0.38,0.91,0.51,0.68
Premium Polyester,polyester,fleece,0.55,0.37,0.71,"shorts,dress,hoodie,scarf,shirt",263,0.8,0.63,0.82,0.48
Heavyweight Linen,flax,twill,0.7,0.94,0.53,"blouse,dress,leggings,tshirt",150,0.41,0.44,0.95,0.48
Classic Hemp,hemp,twill,0.6,0.24,0.64,"hat,hoodie,blanket,blouse,leggings",206,0.73,0.47,0.66,0.48
Lightweight Silk,silk,crepe,0.9,0.47,0.88,"underwear,tshirt,blanket,hoodie",379,0.46,0.19,0.78,0.7
Premium Wool,wool,pile,0.16,0.48,0.38,"tshirt,jeans,leggings,dress",298,0.59,0.76,0.94,0.57
Classic Silk,silk,plain,0.64,0.72,0.74,"blanket,scarf,shorts",187,0.83,0.32,0.54,0.76
Modern Bamboo,bamboo,knit,0.47,0.46,0.7,"dress,jacket,skirt",298,0.51,0.93,0.92,0.88
Stretch Rayon,rayon,crepe,0.76,0.69,0.52,"scarf,underwear",252,0.33,0.48,0.52,0.94
Stretch Polyester,polyester,knit,0.1,0.68,0.51,"shirt,dress",224,0.83,0.58,0.82,0.46
Heavyweight Rayon,rayon,plain,0.78,0.39,0.42,"hat,blanket",216,0.65,0.16,0.37,0.55
Lightweight Silk,silk,satin,0.37,0.43,0.41,"skirt,jeans,tshirt,hoodie",388,0.54,0.26,0.42,0.76
Soft Bamboo,bamboo,plain,0.65,0.8,0.75,"shorts,blanket,hat",146,0.33,0.65,0.79,0.32
Modern Lyocell,lyocell,plain,0.67,0.93,0.78,"tshirt,jacket,sweater",198,0.36,0.65,0.3,0.59
Classic Rayon,rayon,twill,0.57,0.36,0.72,"leggings,hat,underwear,skirt",160,0.51,0.67,0.33,0.75
Durable Silk,silk,crepe,0.35,0.57,0.39,"suit,jeans,scarf,sweater",113,0.42,0.18,0.42,0.87
Heavyweight Wool,wool,twill,0.85,0.91,0.83,"hat,blanket,coat,shorts,tshirt",142,0.25,0.67,0.33,0.34
Classic Bamboo,bamboo,jersey,0.7,0.46,0.93,"leggings,bag,jeans",245,0.58,0.52,0.75,0.42
Stretch Lyocell,lyocell,plain,0.84,0.23,0.49,"bag,jacket,scarf",102,0.49,0.69,0.59,0.67
Premium Cotton,cotton,sateen,0.46,0.78,0.38,"hat,underwear,sweater,jeans",395,0.14,0.49,0.73,0.44
Classic Nylon,nylon,mesh,0.86,0.86,0.69,"hoodie,pants,jacket,coat,shorts",167,0.91,0.53,0.41,0.55
Modern Silk,silk,plain,0.95,0.27,0.63,"scarf,tshirt",377,0.75,0.16,0.61,0.72
Heavyweight Silk,silk,crepe,0.36,0.61,0.54,"tshirt,skirt,blanket,pants",236,0.34,0.4,0.31,0.53
Classic Polyester,polyester,mesh,0.42,0.33,0.5,"sweater,tshirt,jacket,shorts,blouse",86,0.77,0.94,0.68,0.81
Modern Silk,silk,satin,0.52,0.21,0.58,"suit,skirt",307,0.69,0.47,0.36,0.62
Classic Silk,silk,plain,0.41,0.24,0.6,"hoodie,hat",225,0.58,0.65,0.7,0.44
Premium Bamboo,bamboo,plain,0.16,0.87,0.73,"coat,suit,shorts,tshirt,hat",253,0.38,0.15,0.75,0.43
Modern Rayon,rayon,twill,0.46,0.57,0.43,"pants,dress,tshirt",328,0.93,0.52,0.84,0.89
Stretch Silk,silk,satin,0.73,0.75,0.73,"skirt,dress,shorts",191,0.4,0.87,0.6,0.36
Classic Lyocell,lyocell,plain,0.33,0.77,0.39,"underwear,activewear,skirt,jeans",175,0.42,0.49,0.41,0.81
Premium Lyocell,lyocell,twill,0.51,0.65,0.9,"suit,underwear,scarf",268,0.45,0.25,0.69,0.54
Classic Wool,wool,pile,0.88,0.92,0.68,"sweater,tshirt",260,0.44,0.6,0.8,0.48
Durable Silk,silk,plain,0.82,0.6,0.67,"shorts,hat,suit",236,0.9,0.35,0.85,0.33
Soft Rayon,rayon,crepe,0.38,0.32,0.7,"leggings,dress",326,0.19,0.86,0.7,0.93
Classic Wool,wool,knit,0.53,0.91,0.63,"underwear,tshirt,jacket,dress",127,0.88,0.34,0.48,0.9
Soft Hemp,hemp,canvas,0.73,0.73,0.67,"skirt,jacket",190,0.39,0.3,0.89,0.48
Durable Bamboo,bamboo,plain,0.25,0.83,0.35,"activewear,sweater,pants,jeans,suit",191,0.25,0.84,0.78,0.8
Heavyweight Linen,flax,basket,0.46,0.39,0.7,"skirt,shirt,shorts,activewear",154,0.21,0.83,0.82,0.57
Lightweight Wool,wool,pile,0.55,0.61,0.5,"suit,blanket",116,0.59,0.7,0.85,0.31
Premium Rayon,rayon,crepe,0.9,0.91,0.45,"sweater,hoodie,dress,bag",193,0.18,0.73,0.63,0.37
Soft Cotton,cotton,plain,0.25,0.29,0.65,"blanket,leggings,underwear",289,0.29,0.85,0.36,0.75
Classic Nylon,nylon,mesh,0.52,0.5,0.56,"underwear,jacket,coat",93,0.82,0.72,0.83,0.82
Stretch Rayon,rayon,crepe,0.86,0.74,0.87,"skirt,pants",364,0.44,0.32,0.37,0.6
Lightweight Rayon,rayon,twill,0.71,0.51,0.7,"blanket,scarf,pants,blouse",158,0.6,0.46,0.52,0.52
Classic Silk,silk,plain,0.62,0.88,0.47,"hat,tshirt",236,0.94,0.65,0.87,0.71
Classic Nylon,nylon,plain,0.8,0.23,0.7,"hat,coat,tshirt",341,0.15,0.46,0.69,0.59
Classic Lyocell,lyocell,jersey,0.7,0.39,0.53,"skirt,dress,hoodie,activewear",239,0.2,0.81,0.68,0.67
Durable Hemp,hemp,canvas,0.67,0.72,0.48,"shorts,shirt,dress",230,0.74,0.66,0.74,0.7
Lightweight Hemp,hemp,canvas,0.85,0.3,0.91,"blanket,leggings,bag,skirt",359,0.24,0.88,0.6,0.84
Stretch Cotton,cotton,jersey,0.64,0.28,0.67,"scarf,skirt,leggings",155,0.16,0.5,0.69,0.6
Heavyweight Bamboo,bamboo,knit,0.41,0.94,0.48,"bag,jacket,tshirt,coat,suit",346,0.81,0.38,0.39,0.8
Heavyweight Lyocell,lyocell,plain,0.71,0.9,0.38,"blouse,jacket,hat",323,0.7,0.78,0.83,0.88
Soft Wool,wool,twill,0.52,0.76,0.75,"shirt,suit",138,0.91,0.72,0.69,0.4
Stretch Polyester,polyester,fleece,0.84,0.58,0.58,"blanket,jacket",106,0.71,0.22,0.58,0.45
Premium Nylon,nylon,ripstop,0.52,0.82,0.77,"sweater,shorts",300,0.8,0.11,0.48,0.65
Modern Hemp,hemp,twill,0.6,0.72,0.52,"skirt,suit,hoodie",342,0.74,0.63,0.82,0.4
Modern Silk,silk,plain,0.35,0.5,0.34,"activewear,skirt,blouse,hat",246,0.18,0.33,0.86,0.43
Heavyweight Silk,silk,crepe,0.6,0.51,0.6,"scarf,leggings,tshirt,jeans,dress",264,0.32,0.52,0.31,0.67
Classic Rayon,rayon,twill,0.87,0.53,0.65,"pants,blouse,skirt",398,0.73,0.18,0.53,0.61
Stretch Silk,silk,satin,0.45,0.64,0.91,"hoodie,underwear,jacket,shirt",281,0.63,0.53,0.41,0.63
Stretch Cotton,cotton,plain,0.39,0.75,0.46,"jacket,underwear,coat,hoodie,shorts",147,0.72,0.1,0.74,0.85
Heavyweight Silk,silk,satin,0.68,0.85,0.85,"blanket,skirt",84,0.36,0.7,0.74,0.91
Durable Cotton,cotton,plain,0.38,0.4,0.43,"skirt,suit,hat,hoodie",252,0.25,0.29,0.71,0.73
Lightweight Polyester,polyester,mesh,0.4,0.4,0.87,"leggings,scarf,tshirt",109,0.84,0.67,0.41,0.65
Classic Linen,flax,twill,0.57,0.86,0.88,"shirt,underwear",216,0.45,0.19,0.63,0.44
Durable Polyester,polyester,mesh,0.93,0.45,0.86,"jacket,shirt,activewear",145,0.34,0.13,0.39,0.86
Modern Silk,silk,plain,0.48,0.59,0.91,"sweater,hoodie",303,0.7,0.27,0.45,0.78
Lightweight Rayon,rayon,plain,0.36,0.21,0.7,"blouse,hat,activewear",110,0.62,0.71,0.91,0.5
Soft Nylon,nylon,ripstop,0.28,0.41,0.5,"leggings,jeans,blanket",198,0.29,0.56,0.4,0.53
Classic Cotton,cotton,plain,0.64,0.52,0.61,"leggings,suit",224,0.86,0.26,0.77,0.79
Stretch Silk,silk,crepe,0.21,0.83,0.62,"jeans,leggings,pants,skirt,jacket",311,0.55,0.83,0.93,0.57
Premium Polyester,polyester,fleece,0.91,0.43,0.64,"leggings,dress,jacket,pants",360,0.48,0.3,0.57,0.61
Durable Bamboo,bamboo,plain,0.92,0.22,0.56,"shorts,bag,skirt,activewear",321,0.89,0.76,0.49,0.77
Lightweight Linen,flax,plain,0.45,0.94,0.8,"blouse,shirt,hoodie,tshirt,underwear",274,0.56,0.19,0.58,0.71
Heavyweight Polyester,polyester,knit,0.91,0.51,0.75,"shorts,sweater,jeans",323,0.28,0.73,0.6,0.4
Heavyweight Rayon,rayon,twill,0.48,0.24,0.72,"sweater,hoodie,jacket",277,0.67,0.64,0.76,0.74
Premium Bamboo,bamboo,jersey,0.68,0.66,0.78,"coat,tshirt",163,0.47,0.21,0.59,0.43
Classic Polyester,polyester,mesh,0.83,0.26,0.33,"leggings,jacket,dress",134,0.18,0.73,0.72,0.55
Modern Wool,wool,pile,0.42,0.39,0.44,"scarf,shorts,hat,jeans,leggings",370,0.2,0.65,0.47,0.34
Stretch Cotton,cotton,sateen,0.26,0.72,0.54,"skirt,tshirt,shorts,coat,bag",155,0.68,0.9,0.47,0.84
Modern Polyester,polyester,mesh,0.94,0.86,0.95,"skirt,tshirt,hoodie,underwear",88,0.83,0.68,0.47,0.61
Modern Lyocell,lyocell,twill,0.53,0.44,0.47,"skirt,pants,shirt,suit",329,0.4,0.84,0.78,0.38
Stretch Lyocell,lyocell,plain,0.89,0.35,0.6,"jeans,tshirt,pants,scarf,shirt",361,0.16,0.6,0.73,0.5
Soft Cotton,cotton,twill,0.56,0.3,0.52,"skirt,blanket,shirt,sweater,coat",119,0.41,0.28,0.84,0.46
Premium Nylon,nylon,mesh,0.85,0.54,0.85,"pants,scarf,hat,coat",180,0.79,0.2,0.82,0.71
Soft Wool,wool,knit,0.44,0.87,0.93,"bag,blouse",99,0.86,0.69,0.81,0.6
Heavyweight Lyocell,lyocell,twill,0.24,0.34,0.65,"jacket,coat,hat,shirt,sweater",248,0.84,0.58,0.67,0.82
Soft Polyester,polyester,mesh,0.54,0.87,0.63,"sweater,activewear,dress,jeans",135,0.63,0.58,0.53,0.32
Premium Hemp,hemp,canvas,0.31,0.32,0.61,"underwear,jeans",306,0.38,0.27,0.55,0.59
Durable Hemp,hemp,twill,0.36,0.88,0.31,"sweater,jeans,blouse,scarf",82,0.64,0.12,0.53,0.65
Durable Hemp,hemp,canvas,0.14,0.32,0.7,"leggings,sweater,activewear",152,0.61,0.63,0.44,0.33
Premium Wool,wool,plain,0.11,0.25,0.76,"jeans,pants,sweater,leggings",319,0.88,0.43,0.4,0.31
Modern Polyester,polyester,fleece,0.17,0.52,0.79,"jeans,shorts,skirt",168,0.32,0.93,0.7,0.56
Classic Silk,silk,satin,0.61,0.37,0.7,"leggings,suit,skirt,coat,shorts",144,0.14,0.21,0.39,0.61
Heavyweight Hemp,hemp,plain,0.5,0.56,0.68,"hat,tshirt,sweater",271,0.42,0.24,0.35,0.74
Durable Linen,flax,basket,0.92,0.42,0.9,"bag,hoodie,leggings,activewear,sweater",191,0.92,0.81,0.77,0.76
Stretch Nylon,nylon,ripstop,0.92,0.86,0.6,"suit,jacket",211,0.37,0.59,0.78,0.88
Lightweight Polyester,polyester,fleece,0.6,0.4,0.41,"shirt,shorts",101,0.24,0.69,0.8,0.32
Heavyweight Wool,wool,pile,0.91,0.26,0.92,"sweater,dress,blanket,suit",213,0.68,0.75,0.55,0.67
Lightweight Silk,silk,satin,0.24,0.4,0.75,"hat,suit,scarf,jeans,underwear",339,0.72,0.78,0.87,0.64
Heavyweight Cotton,cotton,sateen,0.33,0.73,0.67,"skirt,coat,suit",247,0.86,0.86,0.61,0.56
Premium Cotton,cotton,jersey,0.27,0.81,0.41,"dress,skirt,hat,jacket",203,0.46,0.66,0.67,0.32
Heavyweight Polyester,polyester,mesh,0.8,0.62,0.38,"sweater,dress,coat,skirt,shorts",391,0.2,0.88,0.35,0.88
Modern Hemp,hemp,plain,0.11,0.45,0.83,"activewear,dress,hat,underwear,bag",349,0.43,0.42,0.67,0.59
Lightweight Hemp,hemp,canvas,0.25,0.67,0.9,"scarf,jeans",99,0.77,0.48,0.49,0.79
Durable Linen,flax,plain,0.65,0.24,0.89,"suit,hoodie",276,0.65,0.33,0.5,0.92
Soft Bamboo,bamboo,plain,0.85,0.82,0.67,"shirt,blouse,hat,jacket",186,0.16,0.26,0.87,0.47
Premium Linen,flax,plain,0.2,0.61,0.94,"hat,shirt,blanket,skirt",150,0.92,0.38,0.89,0.43
Lightweight Silk,silk,plain,0.11,0.63,0.59,"blanket,suit,coat,pants,scarf",83,0.75,0.88,0.86,0.93
Modern Cotton,cotton,twill,0.76,0.49,0.62,"hat,shorts,blanket,bag,leggings",283,0.8,0.53,0.73,0.83
Modern Lyocell,lyocell,plain,0.45,0.28,0.84,"leggings,skirt,hat,underwear",159,0.13,0.5,0.93,0.48
Classic Polyester,polyester,fleece,0.1,0.89,0.3,"leggings,blouse,activewear,jeans,coat",193,0.17,0.33,0.44,0.61
Classic Cotton,cotton,plain,0.41,0.84,0.66,"sweater,hoodie",177,0.53,0.81,0.63,0.72
Modern Bamboo,bamboo,plain,0.94,0.51,0.67,"tshirt,shorts,coat",355,0.55,0.54,0.31,0.93
Classic Linen,flax,basket,0.25,0.77,0.67,"coat,blouse",357,0.17,0.92,0.36,0.39
Modern Nylon,nylon,plain,0.66,0.9,0.93,"activewear,jeans,blanket,scarf,tshirt",321,0.14,0.67,0.68,0.37
Modern Rayon,rayon,crepe,0.72,0.68,0.79,"hoodie,skirt,blanket,suit,underwear",179,0.37,0.78,0.36,0.45
Stretch Linen,flax,twill,0.46,0.87,0.62,"activewear,skirt",265,0.35,0.45,0.6,0.78
Modern Linen,flax,basket,0.79,0.85,0.33,"pants,jacket,scarf,suit",316,0.82,0.93,0.56,0.82
Durable Polyester,polyester,fleece,0.51,0.95,0.69,"jacket,jeans,tshirt,hoodie,activewear",133,0.17,0.63,0.48,0.45
Premium Bamboo,bamboo,plain,0.38,0.73,0.47,"coat,bag,dress,jacket,activewear",215,0.21,0.29,0.7,0.42
Classic Wool,wool,knit,0.3,0.41,0.92,"skirt,jacket,dress,blouse,leggings",282,0.48,0.58,0.55,0.63
Classic Rayon,rayon,plain,0.5,0.52,0.85,"sweater,hat,leggings,jacket,shirt",173,0.25,0.72,0.41,0.82
Lightweight Nylon,nylon,mesh,0.6,0.46,0.84,"sweater,bag,hoodie,jacket,coat",115,0.77,0.34,0.49,0.34
Classic Bamboo,bamboo,jersey,0.69,0.54,0.89,"blouse,pants,dress,underwear",145,0.24,0.25,0.76,0.59
Premium Rayon,rayon,plain,0.62,0.76,0.77,"jeans,scarf,sweater,pants",380,0.94,0.49,0.81,0.61
Classic Hemp,hemp,twill,0.23,0.57,0.55,"jeans,blouse,blanket,jacket,suit",256,0.7,0.61,0.53,0.59
Premium Hemp,hemp,plain,0.95,0.39,0.88,"skirt,blouse",364,0.91,0.35,0.33,0.47
Premium Lyocell,lyocell,plain,0.51,0.94,0.84,"shirt,blouse",83,0.5,0.85,0.57,0.51
Premium Linen,flax,twill,0.63,0.91,0.83,"blouse,leggings,bag,hat",369,0.38,0.8,0.74,0.82
Lightweight Linen,flax,twill,0.68,0.44,0.84,"sweater,suit,shirt",164,0.34,0.84,0.66,0.64
Modern Polyester,polyester,knit,0.24,0.55,0.83,"sweater,leggings",183,0.65,0.67,0.68,0.43
Lightweight Polyester,polyester,mesh,0.52,0.21,0.38,"shirt,underwear,pants",117,0.15,0.41,0.47,0.94
Premium Linen,flax,plain,0.3,0.9,0.78,"tshirt,suit,pants,dress",323,0.48,0.88,0.61,0.72
Durable Bamboo,bamboo,knit,0.44,0.23,0.37,"hoodie,shirt,coat,activewear,shorts",83,0.27,0.81,0.8,0.6
Soft Lyocell,lyocell,plain,0.54,0.35,0.49,"hoodie,shorts,jacket,sweater,hat",344,0.17,0.41,0.85,0.95
Premium Rayon,rayon,twill,0.87,0.73,0.55,"coat,hoodie,pants,leggings",296,0.93,0.17,0.64,0.69
Soft Lyocell,lyocell,twill,0.29,0.74,0.58,"blouse,hat",360,0.6,0.24,0.46,0.59
Lightweight Polyester,polyester,fleece,0.51,0.23,0.62,"tshirt,pants,underwear,shirt",193,0.51,0.26,0.54,0.86
Stretch Bamboo,bamboo,jersey,0.62,0.52,0.64,"blouse,leggings,scarf,blanket,sweater",200,0.33,0.67,0.47,0.89
Durable Bamboo,bamboo,jersey,0.65,0.85,0.41,"skirt,jeans,blanket",392,0.26,0.3,0.63,0.38
Premium Hemp,hemp,twill,0.88,0.75,0.91,"coat,underwear,pants",260,0.66,0.3,0.41,0.76
Durable Silk,silk,plain,0.35,0.75,0.5,"jacket,shirt,pants,hoodie,hat",387,0.51,0.46,0.93,0.42
Durable Lyocell,lyocell,jersey,0.8,0.38,0.85,"skirt,hat",120,0.52,0.75,0.37,0.84
Heavyweight Linen,flax,twill,0.82,0.31,0.36,"scarf,hat,jacket,pants",326,0.72,0.43,0.66,0.86
Modern Wool,wool,plain,0.59,0.44,0.72,"scarf,dress",310,0.8,0.12,0.93,0.68
Modern Bamboo,bamboo,knit,0.74,0.74,0.77,"suit,blouse,skirt,sweater,scarf",386,0.22,0.6,0.54,0.46
Classic Bamboo,bamboo,jersey,0.39,0.31,0.86,"tshirt,skirt,hoodie,jeans,pants",194,0.26,0.56,0.32,0.61
Modern Linen,flax,twill,0.5,0.37,0.35,"hat,leggings,coat,scarf",160,0.61,0.94,0.61,0.79
Durable Polyester,polyester,plain,0.54,0.54,0.5,"underwear,coat,activewear",328,0.38,0.64,0.49,0.37
Modern Bamboo,bamboo,plain,0.64,0.71,0.78,"blanket,hat",239,0.71,0.75,0.85,0.38
Durable Wool,wool,knit,0.9,0.72,0.63,"activewear,scarf,leggings,hoodie,blouse",122,0.29,0.54,0.74,0.89
Classic Lyocell,lyocell,plain,0.45,0.42,0.55,"activewear,pants",204,0.58,0.36,0.55,0.55
Soft Bamboo,bamboo,knit,0.71,0.89,0.51,"hat,tshirt,jeans,coat,suit",100,0.58,0.83,0.36,0.55
Lightweight Cotton,cotton,sateen,0.77,0.43,0.43,"jeans,scarf",338,0.88,0.24,0.81,0.89
Modern Bamboo,bamboo,jersey,0.22,0.28,0.64,"scarf,jeans",199,0.31,0.34,0.49,0.74
Premium Polyester,polyester,knit,0.23,0.67,0.64,"blouse,suit,dress,jeans,shorts",352,0.19,0.16,0.45,0.36
Durable Polyester,polyester,mesh,0.34,0.35,0.56,"hoodie,scarf,blouse,suit,shirt",372,0.3,0.72,0.84,0.78
Lightweight Rayon,rayon,plain,0.14,0.77,0.9,"jacket,dress",129,0.77,0.91,0.82,0.32
Modern Cotton,cotton,jersey,0.23,0.71,0.79,"leggings,hoodie,tshirt,dress,underwear",199,0.92,0.68,0.79,0.5
Stretch Silk,silk,plain,0.53,0.74,0.69,"pants,shirt",313,0.23,0.68,0.93,0.67
Lightweight Nylon,nylon,mesh,0.66,0.62,0.77,"skirt,dress,bag,activewear",360,0.11,0.35,0.59,0.74
Durable Lyocell,lyocell,plain,0.62,0.49,0.49,"shorts,hoodie,sweater",206,0.28,0.4,0.76,0.77
Premium Bamboo,bamboo,jersey,0.58,0.64,0.36,"hoodie,tshirt,shirt,dress,leggings",355,0.72,0.94,0.83,0.63
Soft Silk,silk,crepe,0.65,0.87,0.85,"tshirt,blanket",314,0.92,0.69,0.91,0.64
Lightweight Lyocell,lyocell,jersey,0.2,0.27,0.69,"activewear,pants,scarf,blouse",103,0.32,0.91,0.63,0.49
Modern Lyocell,lyocell,twill,0.52,0.77,0.82,"hoodie,jacket,bag,dress",263,0.89,0.33,0.57,0.89
Heavyweight Linen,flax,basket,0.87,0.62,0.72,"hoodie,suit,jeans,shirt,dress",113,0.18,0.28,0.49,0.31
Classic Cotton,cotton,jersey,0.85,0.78,0.65,"shorts,leggings,skirt,jacket",232,0.83,0.25,0.93,0.68
Stretch Wool,wool,pile,0.71,0.29,0.36,"suit,shirt",386,0.56,0.28,0.44,0.81
Durable Rayon,rayon,crepe,0.72,0.35,0.87,"suit,blouse,shirt,sweater,activewear",151,0.39,0.52,0.81,0.8
Modern Lyocell,lyocell,plain,0.45,0.77,0.72,"coat,activewear,underwear,bag",234,0.19,0.52,0.51,0.39
Durable Bamboo,bamboo,knit,0.95,0.75,0.32,"jacket,bag,hat",389,0.87,0.49,0.64,0.37
Lightweight Bamboo,bamboo,jersey,0.23,0.55,0.5,"tshirt,underwear,jacket",81,0.85,0.28,0.74,0.51
Soft Wool,wool,knit,0.93,0.46,0.75,"hoodie,blanket",219,0.93,0.75,0.43,0.46
Stretch Hemp,hemp,twill,0.86,0.6,0.57,"tshirt,dress",394,0.94,0.92,0.75,0.67
Classic Nylon,nylon,mesh,0.64,0.24,0.43,"jacket,dress,jeans,sweater",304,0.67,0.74,0.9,0.48
Durable Bamboo,bamboo,plain,0.9,0.32,0.48,"blanket,tshirt",329,0.57,0.95,0.9,0.61
Stretch Bamboo,bamboo,jersey,0.17,0.75,0.86,"hat,shirt,skirt,underwear,leggings",228,0.18,0.77,0.56,0.69
Classic Cotton,cotton,twill,0.44,0.68,0.65,"tshirt,suit,sweater,coat,blouse",372,0.38,0.47,0.87,0.83
Heavyweight Nylon,nylon,mesh,0.52,0.73,0.79,"jeans,suit",97,0.61,0.27,0.91,0.47
Stretch Polyester,polyester,fleece,0.47,0.78,0.32,"skirt,tshirt,blouse,suit,hoodie",365,0.28,0.11,0.52,0.45
Soft Wool,wool,pile,0.44,0.74,0.61,"coat,leggings",300,0.73,0.25,0.82,0.52
Stretch Rayon,rayon,twill,0.68,0.91,0.7,"pants,skirt",342,0.67,0.24,0.91,0.3
Lightweight Hemp,hemp,twill,0.56,0.43,0.76,"skirt,hat",172,0.17,0.31,0.36,0.87
Soft Wool,wool,pile,0.89,0.72,0.82,"tshirt,bag,hoodie,suit",271,0.87,0.32,0.69,0.47
Premium Hemp,hemp,canvas,0.51,0.68,0.54,"coat,hoodie,hat,bag",232,0.86,0.46,0.83,0.94
Durable Polyester,polyester,knit,0.42,0.94,0.61,"jeans,activewear,tshirt,hat,sweater",88,0.84,0.26,0.39,0.78
Lightweight Hemp,hemp,canvas,0.73,0.31,0.56,"jacket,scarf",244,0.22,0.34,0.52,0.56
Lightweight Lyocell,lyocell,jersey,0.78,0.88,0.8,"shorts,coat",82,0.68,0.92,0.51,0.73
Stretch Nylon,nylon,plain,0.86,0.3,0.37,"coat,tshirt,jeans,hat,suit",104,0.17,0.93,0.53,0.46
Classic Linen,flax,twill,0.94,0.27,0.71,"suit,shorts,underwear",337,0.12,0.62,0.61,0.53
Heavyweight Hemp,hemp,twill,0.74,0.55,0.9,"bag,sweater,jacket",153,0.94,0.36,0.75,0.94
Heavyweight Wool,wool,twill,0.34,0.69,0.43,"coat,hoodie",160,0.76,0.28,0.6,0.94
Lightweight Bamboo,bamboo,jersey,0.25,0.44,0.71,"hat,suit",250,0.54,0.54,0.31,0.61
Premium Bamboo,bamboo,knit,0.85,0.9,0.89,"coat,bag,pants,blanket,underwear",331,0.92,0.93,0.36,0.73
Modern Silk,silk,plain,0.14,0.27,0.67,"suit,underwear,coat,scarf,hat",113,0.89,0.54,0.53,0.48
Classic Polyester,polyester,knit,0.39,0.29,0.8,"blanket,pants,skirt",135,0.63,0.15,0.87,0.4
Lightweight Rayon,rayon,crepe,0.35,0.36,0.71,"skirt,suit,jeans",117,0.21,0.72,0.6,0.59
Stretch Wool,wool,plain,0.32,0.8,0.87,"jacket,sweater",203,0.87,0.85,0.75,0.45
Premium Polyester,polyester,mesh,0.7,0.24,0.39,"bag,hat,coat,suit,shirt",180,0.31,0.19,0.56,0.43
Modern Wool,wool,twill,0.14,0.69,0.69,"shirt,suit,blanket,coat,dress",322,0.57,0.35,0.6,0.94
Soft Silk,silk,satin,0.45,0.34,0.74,"jacket,dress,jeans",165,0.49,0.4,0.77,0.35
Premium Silk,silk,satin,0.23,0.69,0.31,"skirt,blouse",131,0.57,0.55,0.55,0.79
Premium Wool,wool,pile,0.33,0.58,0.54,"hat,skirt,suit,hoodie",358,0.66,0.94,0.78,0.63
Stretch Nylon,nylon,plain,0.31,0.39,0.65,"hoodie,shirt,suit,tshirt",184,0.34,0.93,0.34,0.92
Lightweight Polyester,polyester,mesh,0.25,0.56,0.53,"coat,suit,pants,scarf",397,0.41,0.9,0.71,0.82
Lightweight Lyocell,lyocell,jersey,0.27,0.85,0.86,"shirt,coat,tshirt",308,0.11,0.57,0.77,0.52
Premium Wool,wool,twill,0.78,0.4,0.52,"blouse,pants,tshirt,hoodie",368,0.54,0.28,0.82,0.39
Premium Wool,wool,plain,0.16,0.88,0.45,"skirt,underwear",93,0.34,0.94,0.33,0.37
Stretch Cotton,cotton,plain,0.15,0.28,0.74,"blouse,hoodie,sweater,jeans,coat",378,0.71,0.5,0.67,0.36
Modern Polyester,polyester,plain,0.3,0.84,0.47,"blouse,blanket,sweater,underwear",248,0.91,0.17,0.42,0.82
Modern Wool,wool,twill,0.36,0.83,0.82,"sweater,pants,coat,hat",346,0.24,0.14,0.87,0.89
Classic Rayon,rayon,plain,0.1,0.84,0.72,"pants,scarf,bag,blanket",247,0.18,0.77,0.34,0.76
Classic Rayon,rayon,crepe,0.13,0.57,0.68,"scarf,activewear",165,0.3,0.18,0.75,0.92
Modern Cotton,cotton,twill,0.9,0.91,0.85,"jeans,pants,shorts",98,0.8,0.67,0.58,0.73
Durable Nylon,nylon,ripstop,0.51,0.84,0.59,"hat,dress,jacket,coat",141,0.62,0.51,0.61,0.34
Modern Nylon,nylon,ripstop,0.44,0.23,0.65,"dress,hoodie,hat",114,0.8,0.52,0.75,0.82
Durable Cotton,cotton,twill,0.57,0.85,0.45,"blanket,hat,activewear",390,0.88,0.12,0.36,0.63
Modern Rayon,rayon,twill,0.78,0.23,0.33,"dress,tshirt,pants,skirt,jeans",350,0.6,0.54,0.62,0.7
Durable Linen,flax,basket,0.3,0.6,0.75,"blanket,tshirt,scarf",384,0.93,0.7,0.36,0.9
Modern Cotton,cotton,plain,0.78,0.41,0.63,"pants,hat",390,0.25,0.91,0.41,0.36
Modern Wool,wool,pile,0.83,0.59,0.72,"hoodie,tshirt,coat",289,0.68,0.17,0.7,0.81
Premium Bamboo,bamboo,plain,0.61,0.53,0.37,"dress,coat",196,0.92,0.57,0.38,0.78
Durable Silk,silk,crepe,0.45,0.8,0.59,"blouse,suit",247,0.91,0.16,0.63,0.6
Classic Lyocell,lyocell,plain,0.53,0.93,0.42,"underwear,activewear,blouse",190,0.21,0.77,0.46,0.64
Soft Silk,silk,crepe,0.74,0.47,0.44,"activewear,shorts,blouse,scarf,underwear",369,0.71,0.23,0.47,0.44
Stretch Rayon,rayon,crepe,0.75,0.8,0.82,"sweater,blanket,shorts,scarf,tshirt",274,0.49,0.71,0.65,0.95
Durable Linen,flax,plain,0.41,0.5,0.49,"coat,scarf,blanket,blouse,shorts",117,0.27,0.9,0.33,0.69
Heavyweight Linen,flax,plain,0.27,0.82,0.31,"jeans,leggings,tshirt,blouse,skirt",268,0.27,0.22,0.34,0.31
Modern Polyester,polyester,plain,0.48,0.88,0.89,"skirt,suit,hoodie",318,0.1,0.24,0.4,0.58
Heavyweight Cotton,cotton,plain,0.66,0.85,0.83,"bag,shirt,shorts",396,0.64,0.29,0.89,0.49
Heavyweight Linen,flax,basket,0.13,0.75,0.46,"jeans,leggings,suit,coat,jacket",108,0.92,0.3,0.43,0.75
Classic Wool,wool,plain,0.41,0.83,0.47,"scarf,blanket",167,0.39,0.7,0.73,0.95
Premium Polyester,polyester,mesh,0.52,0.79,0.85,"sweater,bag,tshirt",299,0.56,0.65,0.67,0.46
Soft Hemp,hemp,canvas,0.22,0.76,0.34,"coat,leggings,underwear",137,0.35,0.3,0.42,0.6
Lightweight Linen,flax,plain,0.47,0.23,0.45,"jacket,blanket,sweater",173,0.42,0.77,0.4,0.65
Durable Cotton,cotton,jersey,0.35,0.41,0.45,"jeans,dress,scarf",292,0.59,0.82,0.31,0.4
Premium Linen,flax,basket,0.85,0.54,0.66,"activewear,tshirt,bag,shirt,pants",123,0.25,0.45,0.39,0.33
Classic Wool,wool,twill,0.51,0.91,0.69,"shorts,dress,bag",139,0.43,0.82,0.54,0.76
Premium Bamboo,bamboo,plain,0.44,0.63,0.67,"underwear,blanket,shorts,tshirt,sweater",234,0.71,0.77,0.45,0.72
Durable Bamboo,bamboo,jersey,0.57,0.81,0.42,"skirt,shorts",396,0.34,0.51,0.66,0.76
Classic Lyocell,lyocell,plain,0.44,0.22,0.56,"suit,coat,scarf,sweater,jacket",91,0.31,0.47,0.84,0.61
Stretch Lyocell,lyocell,plain,0.92,0.6,0.67,"blanket,activewear,coat,shirt,scarf",137,0.36,0.1,0.37,0.61
Lightweight Silk,silk,satin,0.4,0.37,0.73,"suit,scarf,tshirt,leggings,skirt",138,0.31,0.52,0.74,0.88
Classic Silk,silk,satin,0.71,0.46,0.66,"hat,jeans,activewear,blouse",276,0.39,0.94,0.57,0.93
Modern Silk,silk,plain,0.35,0.24,0.8,"leggings,blouse,shorts,sweater,underwear",159,0.42,0.51,0.32,0.7
Heavyweight Nylon,nylon,plain,0.18,0.59,0.67,"bag,coat,leggings",199,0.23,0.84,0.55,0.32
Stretch Nylon,nylon,mesh,0.72,0.68,0.74,"pants,activewear",382,0.48,0.7,0.91,0.47
Premium Nylon,nylon,mesh,0.37,0.68,0.73,"hat,suit,dress,activewear",385,0.26,0.32,0.72,0.44
Premium Linen,flax,plain,0.14,0.48,0.44,"activewear,hat",274,0.21,0.17,0.58,0.87
Modern Bamboo,bamboo,jersey,0.39,0.94,0.32,"tshirt,sweater,jeans,shirt,blouse",271,0.87,0.65,0.85,0.73
Modern Lyocell,lyocell,jersey,0.55,0.29,0.74,"blanket,blouse,dress",185,0.2,0.41,0.72,0.46
Modern Rayon,rayon,crepe,0.26,0.21,0.42,"scarf,hoodie,sweater,pants",106,0.7,0.81,0.83,0.37
Durable Hemp,hemp,plain,0.57,0.82,0.4,"tshirt,scarf,underwear",103,0.81,0.39,0.95,0.87
Classic Nylon,nylon,mesh,0.5,0.27,0.58,"blanket,shorts,leggings,bag,hoodie",328,0.58,0.82,0.94,0.56
Stretch Cotton,cotton,twill,0.76,0.37,0.88,"dress,jacket,skirt",305,0.73,0.52,0.6,0.61
Durable Cotton,cotton,plain,0.52,0.33,0.35,"suit,activewear",320,0.22,0.53,0.33,0.41
Modern Cotton,cotton,sateen,0.81,0.76,0.53,"sweater,shorts,tshirt,leggings,coat",283,0.95,0.9,0.71,0.93
Stretch Lyocell,lyocell,twill,0.18,0.29,0.62,"bag,shorts,skirt",161,0.72,0.16,0.48,0.73
Premium Polyester,polyester,mesh,0.77,0.44,0.91,"tshirt,skirt",116,0.75,0.95,0.43,0.7
Premium Lyocell,lyocell,plain,0.95,0.34,0.61,"blouse,shorts,hat,scarf,dress",384,0.42,0.44,0.49,0.48
Stretch Bamboo,bamboo,plain,0.84,0.84,0.55,"skirt,activewear,blouse,underwear",339,0.9,0.76,0.37,0.59
Stretch Wool,wool,pile,0.46,0.35,0.6,"pants,suit,scarf",252,0.79,0.74,0.65,0.91
Premium Rayon,rayon,twill,0.82,0.78,0.48,"leggings,tshirt,blanket,activewear",272,0.83,0.8,0.75,0.73
Durable Nylon,nylon,ripstop,0.78,0.79,0.5,"jacket,shorts",310,0.65,0.69,0.51,0.71
Soft Silk,silk,satin,0.61,0.42,0.57,"underwear,blanket,blouse,jacket",96,0.51,0.25,0.59,0.3
Soft Cotton,cotton,plain,0.13,0.21,0.31,"tshirt,jeans,skirt",187,0.11,0.68,0.71,0.33
Classic Nylon,nylon,plain,0.71,0.83,0.37,"blouse,jeans,underwear",178,0.12,0.65,0.55,0.64
Lightweight Silk,silk,plain,0.43,0.37,0.69,"leggings,blanket,sweater,activewear",128,0.35,0.21,0.66,0.5
Classic Nylon,nylon,ripstop,0.36,0.46,0.6,"sweater,underwear,scarf",121,0.81,0.52,0.73,0.8
Heavyweight Cotton,cotton,sateen,0.17,0.29,0.43,"shirt,suit",219,0.16,0.81,0.5,0.82
Durable Polyester,polyester,knit,0.66,0.34,0.45,"suit,dress,scarf",103,0.18,0.49,0.46,0.34
Premium Nylon,nylon,ripstop,0.63,0.72,0.59,"blouse,coat,shorts",143,0.52,0.94,0.3,0.61
Classic Wool,wool,knit,0.54,0.45,0.62,"tshirt,blanket",337,0.65,0.32,0.85,0.48
Heavyweight Nylon,nylon,ripstop,0.94,0.84,0.64,"activewear,hat,dress",366,0.54,0.77,0.57,0.62
Soft Lyocell,lyocell,twill,0.32,0.39,0.76,"blouse,shorts,sweater,hat,skirt",269,0.27,0.92,0.36,0.6
Heavyweight Lyocell,lyocell,jersey,0.75,0.32,0.6,"shirt,shorts,suit,scarf,pants",321,0.92,0.89,0.34,0.79
Heavyweight Bamboo,bamboo,knit,0.73,0.34,0.33,"blanket,underwear",265,0.12,0.14,0.56,0.89
Soft Silk,silk,plain,0.64,0.42,0.65,"shirt,coat,bag,sweater",309,0.4,0.15,0.48,0.59
Modern Polyester,polyester,fleece,0.73,0.71,0.78,"skirt,jacket",101,0.37,0.6,0.31,0.51
Classic Cotton,cotton,sateen,0.83,0.37,0.76,"underwear,hoodie,shirt,hat",151,0.69,0.71,0.47,0.59
Soft Lyocell,lyocell,plain,0.8,0.62,0.46,"suit,underwear,pants",194,0.17,0.73,0.53,0.7
Stretch Rayon,rayon,crepe,0.79,0.69,0.77,"bag,sweater,jeans,jacket",222,0.95,0.8,0.37,0.44
Lightweight Nylon,nylon,ripstop,0.91,0.5,0.85,"underwear,hoodie,blouse",353,0.73,0.32,0.34,0.57
Durable Hemp,hemp,plain,0.47,0.33,0.62,"tshirt,blanket",327,0.28,0.43,0.79,0.78
Lightweight Wool,wool,plain,0.29,0.47,0.44,"skirt,underwear,scarf,bag,coat",173,0.34,0.28,0.53,0.58
Heavyweight Nylon,nylon,mesh,0.63,0.21,0.35,"shirt,hat",194,0.1,0.93,0.75,0.36
Heavyweight Hemp,hemp,twill,0.69,0.48,0.55,"underwear,leggings",281,0.32,0.24,0.54,0.53
Heavyweight Polyester,polyester,knit,0.59,0.7,0.66,"jacket,scarf",281,0.16,0.31,0.88,0.63
Heavyweight Hemp,hemp,canvas,0.94,0.56,0.47,"suit,leggings,coat,underwear",98,0.66,0.4,0.52,0.74
Classic Nylon,nylon,mesh,0.63,0.71,0.86,"pants,underwear,shorts",204,0.88,0.13,0.56,0.34
Soft Nylon,nylon,plain,0.78,0.46,0.31,"shirt,pants,tshirt,blouse",308,0.56,0.35,0.52,0.43
Classic Silk,silk,crepe,0.24,0.35,0.83,"leggings,jacket,sweater",234,0.48,0.66,0.47,0.45
Soft Hemp,hemp,plain,0.37,0.88,0.83,"shirt,shorts,jacket,coat,underwear",208,0.57,0.5,0.68,0.74
Classic Nylon,nylon,plain,0.38,0.82,0.53,"sweater,coat",288,0.18,0.15,0.57,0.45
Modern Bamboo,bamboo,knit,0.91,0.23,0.67,"pants,sweater,hoodie,activewear",320,0.24,0.94,0.9,0.32
